City_ID,City,Lat,Lng,Max Temp,Humidity,Cloudiness,Wind Speed,Country,Date
0,Mataura,-46.1927,168.8643,61.48,42,17,6.82,NZ,2021-12-13 04:46:42
1,Akureyri,65.6835,-18.0878,33.73,80,0,5.75,IS,2021-12-13 04:46:42
2,Zhob,31.3411,69.4481,50.05,21,0,1.83,PK,2021-12-13 04:46:42
3,Vestmannaeyjar,63.4427,-20.2734,43.66,73,100,14.56,IS,2021-12-13 04:46:43
4,Ushuaia,-54.8,-68.3,33.55,94,83,2.95,AR,2021-12-13 04:46:43
5,Bethel,41.3712,-73.414,41.2,59,1,1.01,US,2021-12-13 04:46:43
6,Naze,28.3667,129.4833,59.92,63,95,16.06,JP,2021-12-13 04:46:44
7,Torbay,47.6666,-52.7314,38.57,77,90,24.16,CA,2021-12-13 04:43:15
8,Thompson,55.7435,-97.8558,-0.24,85,75,3.44,CA,2021-12-13 04:46:44
9,Nioro,13.35,-15.75,71.74,53,82,5.17,GM,2021-12-13 04:46:45
10,Tuktoyaktuk,69.4541,-133.0374,-7.6,77,90,16.11,CA,2021-12-13 04:46:45
11,Chuy,-33.6971,-53.4616,63.55,87,14,6.13,UY,2021-12-13 04:46:45
12,Fairlie,55.756,-4.8556,47.01,84,92,1.01,GB,2021-12-13 04:46:46
13,Hermanus,-34.4187,19.2345,62.91,84,64,5.44,ZA,2021-12-13 04:46:46
14,Sao Gabriel Da Cachoeira,-0.1303,-67.0892,73.29,98,100,0.69,BR,2021-12-13 04:46:46
15,Arman,59.7,150.1667,6.94,80,100,14.03,RU,2021-12-13 04:46:47
16,Yellowknife,62.456,-114.3525,6.3,92,90,4.61,CA,2021-12-13 04:46:47
17,Albany,42.6001,-73.9662,39.72,58,0,1.01,US,2021-12-13 04:46:47
18,Avarua,-21.2078,-159.775,73.45,94,75,11.5,CK,2021-12-13 04:46:48
19,Dwarka,22.2394,68.9678,76.77,42,0,9.48,IN,2021-12-13 04:46:48
20,Kununurra,-15.7667,128.7333,105.78,27,76,5.75,AU,2021-12-13 04:46:49
21,Hithadhoo,-0.6,73.0833,81.86,75,95,11.18,MV,2021-12-13 04:46:49
22,Placido De Castro,-10.3353,-67.1856,74.17,98,100,3.22,BR,2021-12-13 04:46:49
23,Chokurdakh,70.6333,147.9167,-35.77,97,99,2.75,RU,2021-12-13 04:46:50
24,Alice Springs,-23.7,133.8833,94.55,14,38,8.05,AU,2021-12-13 04:45:57
25,Labytnangi,66.6572,66.4183,-12.86,99,40,0.96,RU,2021-12-13 04:46:50
26,Jamestown,42.097,-79.2353,38.79,57,1,4.0,US,2021-12-13 04:43:02
27,Lompoc,34.6391,-120.4579,51.78,85,1,5.75,US,2021-12-13 04:46:50
28,Whitehorse,60.7161,-135.0538,-4.7,76,90,5.99,CA,2021-12-13 04:45:24
29,Rio Grande,-32.035,-52.0986,69.6,82,6,14.05,BR,2021-12-13 04:44:45
30,Punta Arenas,-53.15,-70.9167,42.91,65,40,13.8,CL,2021-12-13 04:46:51
31,Saskylakh,71.9167,114.0833,-44.59,100,76,2.98,RU,2021-12-13 04:46:51
32,Port Lincoln,-34.7333,135.8667,65.19,52,85,12.84,AU,2021-12-13 04:45:23
33,Bambous Virieux,-20.3428,57.7575,82.22,74,75,5.75,MU,2021-12-13 04:46:52
34,Busselton,-33.65,115.3333,70.11,41,100,11.21,AU,2021-12-13 04:46:52
35,Salalah,17.0151,54.0924,71.69,46,0,5.75,OM,2021-12-13 04:46:52
36,Rikitea,-23.1203,-134.9692,77.34,78,89,9.66,PF,2021-12-13 04:46:53
37,Bereda,43.2686,-7.5406,46.89,100,16,1.86,ES,2021-12-13 04:46:53
38,Puerto Madero,14.7208,-92.4215,77.68,83,7,5.46,MX,2021-12-13 04:46:53
39,Bealanana,-14.55,48.7333,71.13,59,100,4.41,MG,2021-12-13 04:46:54
40,Edd,13.9297,41.6925,80.64,51,0,15.5,ER,2021-12-13 04:46:54
41,Qaanaaq,77.484,-69.3632,-3.6,73,1,5.3,GL,2021-12-13 04:46:54
42,Opuwo,-18.0607,13.84,73.26,64,60,8.01,NA,2021-12-13 04:46:55
43,Nador,35.174,-2.9287,59.25,88,40,3.44,MA,2021-12-13 04:46:55
44,Tiksi,71.6872,128.8694,-19.82,100,100,1.01,RU,2021-12-13 04:46:56
45,Airai,-8.9266,125.4092,73.4,69,82,1.5,TL,2021-12-13 04:46:56
46,Bluff,-46.6,168.3333,61.81,75,55,16.22,NZ,2021-12-13 04:46:56
47,Eureka,40.8021,-124.1637,50.94,90,100,8.01,US,2021-12-13 04:43:11
48,Roma,43.2128,-75.4557,42.66,58,3,9.93,US,2021-12-13 04:42:02
49,Sawakin,19.1059,37.3321,81.27,68,41,14.47,SD,2021-12-13 04:46:57
50,Bouca,6.5105,18.2733,69.91,42,63,1.74,CF,2021-12-13 04:46:57
51,Svetlogorsk,52.6333,29.7333,36.05,91,100,3.71,BY,2021-12-13 04:46:57
52,Acatlan,20.15,-98.45,50.45,93,81,3.06,MX,2021-12-13 04:46:58
53,Havoysund,70.9963,24.6622,44.83,81,100,15.03,NO,2021-12-13 04:46:58
54,Vaini,-21.2,-175.2,84.36,79,40,11.5,TO,2021-12-13 04:46:58
55,Torquay,50.4638,-3.5143,54.84,94,99,3.0,GB,2021-12-13 04:46:59
56,Saint-Philippe,-21.3585,55.7679,82.22,74,36,11.74,RE,2021-12-13 04:46:59
57,Bathsheba,13.2167,-59.5167,79.41,89,40,19.57,BB,2021-12-13 04:46:59
58,Dingle,10.9995,122.6711,81.99,82,84,12.19,PH,2021-12-13 04:47:00
59,Makakilo City,21.3469,-158.0858,77.32,67,40,8.05,US,2021-12-13 04:47:00
60,Butaritari,3.0707,172.7902,82.26,73,26,16.46,KI,2021-12-13 04:47:00
61,Port Hardy,50.6996,-127.4199,39.2,86,75,8.05,CA,2021-12-13 04:47:01
62,Hilo,19.7297,-155.09,74.93,38,20,4.61,US,2021-12-13 04:47:01
63,Lavrentiya,65.5833,-171.0,-15.79,90,65,4.32,RU,2021-12-13 04:47:01
64,San Patricio,28.017,-97.5169,64.26,78,15,4.76,US,2021-12-13 04:47:02
65,Kruisfontein,-34.0033,24.7314,66.88,98,100,4.38,ZA,2021-12-13 04:47:02
66,Santiago,-33.4569,-70.6483,62.85,51,0,5.75,CL,2021-12-13 04:44:46
67,Maarianhamina,60.0973,19.9348,33.66,93,0,4.61,AX,2021-12-13 04:47:03
68,Georgetown,5.4112,100.3354,88.9,65,20,1.01,MY,2021-12-13 04:47:03
69,Hobart,-42.8794,147.3294,82.02,57,75,1.99,AU,2021-12-13 04:47:03
70,Lebu,-37.6167,-73.65,49.93,86,83,8.43,CL,2021-12-13 04:47:04
71,Ribeira Grande,38.5167,-28.7,58.86,56,100,11.25,PT,2021-12-13 04:47:04
72,Shihezi,44.3,86.0333,21.27,67,100,2.62,CN,2021-12-13 04:47:04
73,Ribeira Brava,32.65,-17.0667,63.72,79,44,1.86,PT,2021-12-13 04:47:05
74,Tazovskiy,67.4667,78.7,-29.36,95,17,5.48,RU,2021-12-13 04:45:59
75,Saldanha,-33.0117,17.9442,62.65,91,5,14.18,ZA,2021-12-13 04:47:05
76,Dickinson,29.4608,-95.0513,55.51,80,1,0.0,US,2021-12-13 04:47:05
77,Waingapu,-9.6567,120.2641,88.07,64,63,8.05,ID,2021-12-13 04:47:06
78,Ngunguru,-35.6167,174.5,71.17,94,100,10.92,NZ,2021-12-13 04:47:06
79,Santo Estevao,-12.4303,-39.2514,68.22,95,98,2.84,BR,2021-12-13 04:47:06
80,Katsuura,35.1333,140.3,59.11,42,32,11.41,JP,2021-12-13 04:47:07
81,Batagay-Alyta,67.8006,130.4114,-37.05,98,58,5.12,RU,2021-12-13 04:47:07
82,Half Moon Bay,37.4636,-122.4286,55.58,94,90,5.01,US,2021-12-13 04:47:07
83,Varberg,57.1056,12.2508,37.24,99,100,9.82,SE,2021-12-13 04:47:08
84,Hare Bay,48.8499,-54.0148,33.19,68,99,19.64,CA,2021-12-13 04:47:08
85,Sisimiut,66.9395,-53.6735,14.67,84,14,10.67,GL,2021-12-13 04:47:08
86,Monrovia,6.3005,-10.7969,76.77,84,9,2.71,LR,2021-12-13 04:47:09
87,Mhasla,18.1333,73.1167,82.31,46,71,3.69,IN,2021-12-13 04:47:09
88,Nagato,34.3833,131.2,53.51,70,96,10.56,JP,2021-12-13 04:47:10
89,Emerald,-23.5333,148.1667,93.34,43,4,8.05,AU,2021-12-13 04:47:10
90,Touros,-5.1989,-35.4608,81.5,77,44,13.27,BR,2021-12-13 04:47:10
91,Dhidhdhoo,6.8833,73.1,82.15,72,57,6.93,MV,2021-12-13 04:47:11
92,Nhulunbuy,-12.2333,136.7667,97.41,46,90,13.8,AU,2021-12-13 04:47:11
93,Recke,52.3833,7.7167,49.98,92,100,9.4,DE,2021-12-13 04:47:11
94,San Agustin,20.5333,-103.4667,60.51,57,8,2.57,MX,2021-12-13 04:47:12
95,Atuona,-9.8,-139.0333,79.05,79,46,18.54,PF,2021-12-13 04:47:12
96,Laguna,38.421,-121.4238,53.1,90,90,5.01,US,2021-12-13 04:47:12
97,Port Elizabeth,-33.918,25.5701,70.09,94,75,4.61,ZA,2021-12-13 04:47:13
98,Iranshahr,27.2025,60.6848,52.14,25,0,0.0,IR,2021-12-13 04:47:13
99,Sochi,43.6,39.7303,41.09,50,0,4.09,RU,2021-12-13 04:42:17
100,Svetlaya,46.5389,138.3297,21.78,53,100,14.61,RU,2021-12-13 04:47:14
101,Burdur,37.7203,30.2908,47.1,76,40,6.91,TR,2021-12-13 04:47:14
102,Mildura,-34.2,142.15,95.07,9,36,8.05,AU,2021-12-13 04:47:14
103,Hovd,48.0056,91.6419,14.9,56,77,1.57,MN,2021-12-13 04:47:14
104,New Norfolk,-42.7826,147.0587,81.66,21,16,4.27,AU,2021-12-13 04:47:15
105,Iowa City,41.6611,-91.5302,42.66,54,1,8.05,US,2021-12-13 04:47:15
106,Marystown,47.1666,-55.1483,38.86,100,99,11.99,CA,2021-12-13 04:47:15
107,Tasiilaq,65.6145,-37.6368,33.96,86,100,2.08,GL,2021-12-13 04:47:16
108,Santo Antonio De Padua,-21.5394,-42.1803,73.76,97,100,3.02,BR,2021-12-13 04:47:16
109,Sao Sebastiao,-23.76,-45.4097,74.32,86,93,3.65,BR,2021-12-13 04:47:16
110,Praia Da Vitoria,38.7333,-27.0667,55.65,76,20,15.1,PT,2021-12-13 04:47:17
111,Yulara,-25.2406,130.9889,91.24,25,35,10.36,AU,2021-12-13 04:47:17
112,Cabedelo,-6.9811,-34.8339,75.87,79,72,11.16,BR,2021-12-13 04:47:17
113,Srednekolymsk,67.45,153.6833,-29.97,95,99,2.44,RU,2021-12-13 04:47:18
114,Cayenne,4.9333,-52.3333,79.09,90,75,3.0,GF,2021-12-13 04:47:18
115,Port Alfred,-33.5906,26.891,73.49,89,100,10.4,ZA,2021-12-13 04:47:18
116,Vorukh,39.8494,70.5838,36.73,50,100,0.54,TJ,2021-12-13 04:47:19
117,Bideford,51.0179,-4.2046,54.72,93,100,8.95,GB,2021-12-13 04:47:19
118,Gravdal,68.1214,13.5031,33.69,86,20,4.61,NO,2021-12-13 04:47:19
119,Grand-Santi,4.25,-54.3833,73.06,100,100,1.86,GF,2021-12-13 04:47:20
120,Trinidad,-14.8333,-64.9,76.55,89,99,7.23,BO,2021-12-13 04:47:20
121,Turukhansk,65.8167,87.9833,-10.98,91,100,4.25,RU,2021-12-13 04:47:20
122,Warwick,41.7001,-71.4162,42.89,57,1,8.05,US,2021-12-13 04:44:46
123,Kassala,15.451,36.4,73.27,46,0,6.38,SD,2021-12-13 04:47:21
124,Kaitangata,-46.2817,169.8464,62.92,71,37,7.36,NZ,2021-12-13 04:47:21
125,Simao,22.7886,100.9748,66.83,60,68,4.79,CN,2021-12-13 04:47:21
126,Kachiry,53.0675,76.1036,9.12,91,85,11.95,KZ,2021-12-13 04:47:22
127,Khatanga,71.9667,102.5,-36.78,95,90,6.8,RU,2021-12-13 04:47:22
128,Tamandare,-8.7597,-35.1047,76.86,85,32,6.51,BR,2021-12-13 04:47:22
129,Cape Town,-33.9258,18.4232,65.08,85,20,4.0,ZA,2021-12-13 04:43:10
130,Grimshaw,56.1834,-117.6027,5.7,85,90,16.11,CA,2021-12-13 04:45:23
131,Puerto Escondido,15.85,-97.0667,77.83,72,1,5.41,MX,2021-12-13 04:46:16
132,Kapaa,22.0752,-159.319,78.78,78,40,4.0,US,2021-12-13 04:42:34
133,Carnarvon,-24.8667,113.6333,80.67,61,1,20.71,AU,2021-12-13 04:47:23
134,Baglan,36.1307,68.7083,48.04,47,100,1.1,AF,2021-12-13 04:47:24
135,College,64.8569,-147.8028,-12.8,71,20,0.0,US,2021-12-13 04:47:24
136,Tomatlan,19.9333,-105.25,71.42,92,16,3.74,MX,2021-12-13 04:47:24
137,Pemangkat,1.1667,108.9667,82.49,76,78,6.35,ID,2021-12-13 04:47:25
138,High Prairie,55.4334,-116.4858,9.7,91,100,5.08,CA,2021-12-13 04:47:25
139,San Pedro,14.35,121.0167,87.03,68,40,11.5,PH,2021-12-13 04:47:25
140,Omsukchan,62.5333,155.8,-6.88,98,100,8.39,RU,2021-12-13 04:47:26
141,Cabo San Lucas,22.8909,-109.9124,73.15,77,67,5.06,MX,2021-12-13 04:47:26
142,Cururupu,-1.8283,-44.8683,77.76,87,44,4.25,BR,2021-12-13 04:47:27
143,Namatanai,-3.6667,152.4333,86.4,67,97,6.53,PG,2021-12-13 04:47:27
144,Yerbogachen,61.2767,108.0108,-34.13,95,49,3.71,RU,2021-12-13 04:47:27
145,Doha,25.2867,51.5333,66.18,72,5,6.91,QA,2021-12-13 04:47:28
146,Kopayhorod,48.8592,27.7969,43.61,95,100,4.72,UA,2021-12-13 04:47:28
147,Altay,47.8667,88.1167,16.59,78,95,0.49,CN,2021-12-13 04:47:28
148,Kaihua,23.3687,104.28,50.85,90,100,5.08,CN,2021-12-13 04:47:29
149,Luderitz,-26.6481,15.1594,61.99,72,3,11.65,NA,2021-12-13 04:47:29
150,Olavarria,-36.8927,-60.3225,62.02,65,5,6.51,AR,2021-12-13 04:47:29
151,Talnakh,69.4865,88.3972,-27.8,79,42,1.59,RU,2021-12-13 04:47:30
152,Peace River,56.2501,-117.286,5.31,85,90,16.11,CA,2021-12-13 04:42:59
153,Karpathos,35.507,27.2132,62.56,67,50,12.66,GR,2021-12-13 04:47:30
154,Upernavik,72.7868,-56.1549,6.85,93,100,12.48,GL,2021-12-13 04:47:30
155,Castro,-24.7911,-50.0119,63.61,80,98,3.98,BR,2021-12-13 04:47:31
156,East London,-33.0153,27.9116,70.74,78,0,3.44,ZA,2021-12-13 04:45:21
157,Bahia Honda,22.9036,-83.1592,73.94,89,17,9.24,CU,2021-12-13 04:47:31
158,Ilulissat,69.2167,-51.1,15.82,67,46,1.14,GL,2021-12-13 04:47:31
159,Ashcroft,50.7165,-121.2859,32.38,93,70,3.18,CA,2021-12-13 04:47:32
160,Mahebourg,-20.4081,57.7,82.26,74,75,5.75,MU,2021-12-13 04:47:32
161,Arraial Do Cabo,-22.9661,-42.0278,74.98,95,100,10.25,BR,2021-12-13 04:47:32
162,Kiama,-34.6833,150.8667,80.01,60,2,3.0,AU,2021-12-13 04:47:33
163,Ormara,25.2088,64.6357,72.1,38,46,7.92,PK,2021-12-13 04:47:33
164,Lodja,-3.4833,23.4333,70.97,91,100,1.3,CD,2021-12-13 04:47:33
165,Dikson,73.5069,80.5464,-16.42,95,84,18.75,RU,2021-12-13 04:47:34
166,Luena,-11.7833,19.9167,62.58,98,77,3.24,AO,2021-12-13 04:47:34
167,Danville,36.586,-79.395,39.2,72,1,0.0,US,2021-12-13 04:47:04
168,Chapais,49.7834,-74.8492,29.98,94,100,13.27,CA,2021-12-13 04:47:34
169,Shikarpur,27.9571,68.6379,53.49,17,1,5.19,PK,2021-12-13 04:47:35
170,Kaeo,-35.1,173.7833,71.33,94,100,7.11,NZ,2021-12-13 04:47:35
171,Hostinne,50.5407,15.7233,39.27,98,100,1.45,CZ,2021-12-13 04:47:35
172,Abu Samrah,35.3029,37.1841,54.84,48,100,8.21,SY,2021-12-13 04:47:36
173,Barrow,71.2906,-156.7887,-14.78,76,1,10.36,US,2021-12-13 04:47:36
174,Mount Isa,-20.7333,139.5,103.77,7,0,9.22,AU,2021-12-13 04:47:36
175,Bredasdorp,-34.5322,20.0403,61.29,84,90,5.08,ZA,2021-12-13 04:47:37
176,Nikolskoye,59.7035,30.7861,26.02,98,100,3.67,RU,2021-12-13 04:47:37
177,Vardo,70.3705,31.1107,32.2,80,82,16.4,NO,2021-12-13 04:47:37
178,Paamiut,61.994,-49.6678,14.11,79,65,5.7,GL,2021-12-13 04:47:38
179,Dunedin,-45.8742,170.5036,60.3,73,93,10.94,NZ,2021-12-13 04:44:10
180,Pevek,69.7008,170.3133,-32.64,96,10,2.37,RU,2021-12-13 04:47:39
181,Mount Pleasant,32.7941,-79.8626,48.99,79,75,1.99,US,2021-12-13 04:43:38
182,Merrill,45.1805,-89.6835,33.57,73,1,3.44,US,2021-12-13 04:47:39
183,Lengnau,47.1838,7.3737,36.55,96,90,2.3,CH,2021-12-13 04:47:40
184,Kodiak,57.79,-152.4072,11.71,62,40,17.27,US,2021-12-13 04:47:40
185,Port Moresby,-9.4431,147.1797,89.02,58,75,17.27,PG,2021-12-13 04:47:40
186,Sao Filipe,14.8961,-24.4956,74.66,72,84,8.32,CV,2021-12-13 04:47:41
187,Longyearbyen,78.2186,15.6401,31.84,86,40,21.85,SJ,2021-12-13 04:47:41
188,Russell,32.3502,-85.1999,45.63,93,1,0.0,US,2021-12-13 04:47:41
189,Gemena,3.25,19.7667,72.25,81,100,1.21,CD,2021-12-13 04:47:42
190,Mar Del Plata,-38.0023,-57.5575,62.87,74,0,1.01,AR,2021-12-13 04:47:42
191,Mukono,0.3533,32.7553,70.5,72,80,3.65,UG,2021-12-13 04:47:42
192,San Cristobal,7.7669,-72.225,68.18,91,73,2.86,VE,2021-12-13 04:47:43
193,Fuyang,32.9,115.8167,51.24,35,0,8.41,CN,2021-12-13 04:47:43
194,Hofn,64.2539,-15.2082,37.17,84,96,7.18,IS,2021-12-13 04:47:43
195,Chauk,20.8833,94.8167,80.35,42,2,8.66,MM,2021-12-13 04:47:43
196,Namibe,-15.1961,12.1522,69.42,82,100,2.06,AO,2021-12-13 04:47:44
197,Valdemarpils,57.3707,22.5919,29.62,96,98,5.03,LV,2021-12-13 04:47:44
198,Cidreira,-30.1811,-50.2056,71.01,95,3,10.29,BR,2021-12-13 04:47:45
199,Bakel,14.905,-12.4568,73.78,11,53,9.33,SN,2021-12-13 04:47:45
200,Ambilobe,-13.2,49.05,85.06,48,1,4.32,MG,2021-12-13 04:47:45
201,Chudovo,59.1167,31.6833,29.8,98,100,5.55,RU,2021-12-13 04:47:46
202,Saint-Augustin,51.226,-58.6502,25.56,62,89,28.23,CA,2021-12-13 04:47:46
203,Flin Flon,54.7682,-101.865,8.15,95,100,4.65,CA,2021-12-13 04:45:42
204,Palmer,42.1584,-72.3287,39.47,57,1,4.0,US,2021-12-13 04:47:47
205,Cherskiy,68.75,161.3,-36.81,99,97,1.45,RU,2021-12-13 04:47:47
206,Sao Joao Da Barra,-21.6403,-41.0511,75.06,94,100,11.83,BR,2021-12-13 04:47:47
207,Esperance,-33.8667,121.9,73.24,47,87,13.09,AU,2021-12-13 04:47:48
208,Inuvik,68.3499,-133.7218,-4.79,77,90,12.66,CA,2021-12-13 04:47:48
209,Kon Tum,14.35,108.0,78.31,50,35,10.42,VN,2021-12-13 04:47:48
210,Urucara,-2.5364,-57.76,74.08,97,99,1.14,BR,2021-12-13 04:47:48
211,Tessalit,20.1986,1.0114,66.36,10,76,7.14,ML,2021-12-13 04:47:49
212,Caravelas,-17.7125,-39.2481,74.64,89,90,5.66,BR,2021-12-13 04:47:49
213,Energetik,51.7445,58.7934,4.5,88,12,2.42,RU,2021-12-13 04:47:49
214,Puerto Ayora,-0.7393,-90.3518,68.56,97,92,1.01,EC,2021-12-13 04:47:50
215,Mecca,21.4267,39.8261,73.69,31,75,4.29,SA,2021-12-13 04:47:50
216,Gamba,-2.65,10.0,75.69,92,100,2.35,GA,2021-12-13 04:47:50
217,Miechow,50.3565,20.0279,28.04,96,17,1.03,PL,2021-12-13 04:47:51
218,Bengkulu,-3.8004,102.2655,84.49,65,44,6.55,ID,2021-12-13 04:46:22
219,Dalbandin,28.8947,64.4101,54.84,23,0,4.36,PK,2021-12-13 04:47:51
220,Fairmont,39.4851,-80.1426,37.26,70,10,4.0,US,2021-12-13 04:47:52
221,Rafaela,-31.2503,-61.4867,67.05,88,100,5.01,AR,2021-12-13 04:47:52
222,Lukovetskiy,64.2956,41.9211,10.38,98,97,4.83,RU,2021-12-13 04:47:53
223,San Policarpo,12.1791,125.5072,80.37,85,85,17.2,PH,2021-12-13 04:47:53
224,Loandjili,-4.7561,11.8578,77.13,91,100,1.99,CG,2021-12-13 04:47:53
225,Lisakovsk,52.5369,62.4936,8.87,87,60,5.44,KZ,2021-12-13 04:47:54
226,Port Blair,11.6667,92.75,84.24,65,40,11.5,IN,2021-12-13 04:46:06
227,Progreso,21.2833,-89.6667,77.11,78,2,10.89,MX,2021-12-13 04:47:54
228,Alpena,45.0617,-83.4327,43.12,57,1,10.0,US,2021-12-13 04:47:54
229,Petropavlovsk-Kamchatskiy,53.0452,158.6483,28.99,59,0,6.71,RU,2021-12-13 04:44:48
230,Selfoss,63.9331,-20.9971,39.09,91,100,6.29,IS,2021-12-13 04:43:36
231,Dvinskoy,62.1535,45.1175,18.9,95,100,5.7,RU,2021-12-13 04:47:55
232,Pangnirtung,66.1451,-65.7125,-5.44,71,82,6.46,CA,2021-12-13 04:47:55
233,Banyo,6.75,11.8167,66.06,29,11,2.93,CM,2021-12-13 04:47:56
234,Flinders,-34.5833,150.8552,75.18,62,3,7.7,AU,2021-12-13 04:47:56
235,Vao,-22.6667,167.4833,76.35,91,100,14.97,NC,2021-12-13 04:47:56
236,Woodward,36.4337,-99.3904,52.83,28,1,17.27,US,2021-12-13 04:47:57
237,Arkhara,49.4212,130.0842,-0.02,80,99,2.19,RU,2021-12-13 04:47:57
238,Maloy,61.9353,5.1136,46.72,73,100,3.0,NO,2021-12-13 04:47:57
239,Goryachegorsk,55.4053,88.9154,6.37,82,100,5.82,RU,2021-12-13 04:47:58
240,Uray,60.1247,64.7758,7.16,95,93,3.0,RU,2021-12-13 04:47:58
241,Kungurtug,50.5994,97.5228,7.88,75,66,1.25,RU,2021-12-13 04:47:58
242,Kirakira,-10.4544,161.9205,84.02,82,100,10.51,SB,2021-12-13 04:47:59
243,Severo-Yeniseyskiy,60.3725,93.0408,-8.43,98,87,1.36,RU,2021-12-13 04:47:59
244,Alamogordo,32.8995,-105.9603,51.44,51,1,3.44,US,2021-12-13 04:47:59
245,Salinas,36.6777,-121.6555,54.82,81,90,5.75,US,2021-12-13 04:47:27
246,Burnie,-41.0667,145.9167,64.94,59,49,9.28,AU,2021-12-13 04:48:00
247,Ponta Do Sol,32.6667,-17.1,63.72,78,41,2.33,PT,2021-12-13 04:48:00
248,Zhangjiakou,40.81,114.8794,25.36,25,0,2.3,CN,2021-12-13 04:48:00
249,Jumla,29.2747,82.1838,53.46,18,77,3.27,NP,2021-12-13 04:48:01
250,El Chol,14.9642,-90.4806,65.3,97,5,3.53,GT,2021-12-13 04:48:01
251,Can Tho,10.0333,105.7833,82.38,69,20,6.91,VN,2021-12-13 04:43:53
252,Wellington,-41.2866,174.7756,71.06,82,75,1.01,NZ,2021-12-13 04:47:46
253,Lages,-27.8161,-50.3261,60.58,98,77,2.33,BR,2021-12-13 04:47:01
254,Huaicheng,23.9051,112.1931,71.42,39,5,1.23,CN,2021-12-13 04:48:02
255,Turayf,31.6725,38.6637,50.25,66,0,9.22,SA,2021-12-13 04:48:02
256,Balkhash,46.844,74.9804,25.41,80,75,8.95,KZ,2021-12-13 04:48:03
257,Rzhanitsa,53.4284,33.923,30.65,98,100,5.14,RU,2021-12-13 04:48:03
258,Bonavista,48.6499,-53.1147,38.12,69,99,30.02,CA,2021-12-13 04:48:03
259,Qui Nhon,13.7667,109.2333,75.47,87,95,22.7,VN,2021-12-13 04:48:04
260,Tornio,65.8481,24.1466,32.02,95,100,7.87,FI,2021-12-13 04:48:04
261,Bilibino,68.0546,166.4372,-32.3,92,26,4.9,RU,2021-12-13 04:48:04
262,Madinat Sittah Uktubar,29.8167,31.05,62.2,85,100,8.08,EG,2021-12-13 04:48:05
263,Ak-Dovurak,51.1833,90.6,2.34,87,90,1.68,RU,2021-12-13 04:48:05
264,Ossora,59.2353,163.0719,7.61,92,100,31.09,RU,2021-12-13 04:48:05
265,Kirya,-3.9167,37.4833,72.91,77,26,2.33,TZ,2021-12-13 04:48:06
266,Akyab,20.15,92.9,80.49,47,2,5.12,MM,2021-12-13 04:48:06
267,Paracuru,-3.41,-39.0306,82.42,78,94,11.43,BR,2021-12-13 04:44:32
268,Codrington,-38.2667,141.9667,66.04,65,100,18.03,AU,2021-12-13 04:48:06
269,Metro,-5.1131,105.3067,87.55,63,81,2.71,ID,2021-12-13 04:48:07
270,Sai Buri,6.7013,101.6168,82.81,68,34,5.73,TH,2021-12-13 04:48:07
271,Soma,39.1855,27.6094,50.99,95,100,3.0,TR,2021-12-13 04:48:07
272,Darhan,49.4867,105.9228,9.54,79,17,3.22,MN,2021-12-13 04:48:08
273,Manta,-0.95,-80.7333,74.98,88,90,2.3,EC,2021-12-13 04:48:08
274,Provideniya,64.3833,-173.3,-8.64,70,67,15.66,RU,2021-12-13 04:48:09
275,Harper,4.375,-7.7169,78.13,86,9,5.44,LR,2021-12-13 04:48:09
276,Rogatica,43.8008,19.0025,31.77,98,100,3.0,BA,2021-12-13 04:48:09
277,Popondetta,-8.7537,148.2534,86.88,68,100,4.12,PG,2021-12-13 04:48:10
278,Qasigiannguit,68.8193,-51.1922,16.05,83,57,4.88,GL,2021-12-13 04:48:10
279,Komsomolskiy,40.4272,71.7189,38.12,60,100,2.3,UZ,2021-12-13 04:48:10
280,Piploda,23.35,75.4333,73.17,43,0,7.63,IN,2021-12-13 04:48:11
281,Padang,-0.9492,100.3543,86.05,85,100,4.07,ID,2021-12-13 04:48:11
282,Nara,34.6851,135.8049,52.97,57,67,12.88,JP,2021-12-13 04:48:11
283,Donskoye,45.4552,41.9741,35.73,79,99,22.95,RU,2021-12-13 04:48:12
284,Machali,-34.1833,-70.6667,51.82,67,0,0.89,CL,2021-12-13 04:48:12
285,Chokwe,-24.5333,32.9833,84.36,55,98,6.58,MZ,2021-12-13 04:48:12
286,Te Anau,-45.4167,167.7167,70.7,48,80,1.7,NZ,2021-12-13 04:48:13
287,Nanortalik,60.1432,-45.2371,27.01,75,100,15.7,GL,2021-12-13 04:48:13
288,Baykit,61.67,96.37,-20.7,98,37,1.25,RU,2021-12-13 04:48:13
289,Port Augusta,-32.5,137.7667,66.34,52,98,20.56,AU,2021-12-13 04:48:14
290,Shimoda,34.6667,138.95,57.56,56,43,4.14,JP,2021-12-13 04:48:14
291,Maneadero,31.7167,-116.5667,49.1,85,0,4.0,MX,2021-12-13 04:46:43
292,Victoria,22.2855,114.1577,74.17,66,0,1.01,HK,2021-12-13 04:44:30
293,Mana,5.6592,-53.7767,76.53,91,100,6.6,GF,2021-12-13 04:48:15
294,Lorengau,-2.0226,147.2712,84.6,78,100,12.75,PG,2021-12-13 04:48:15
295,Hervey Bay,-25.2986,152.8535,85.03,61,27,5.99,AU,2021-12-13 04:48:15
296,Saint-Francois,46.4154,3.9054,42.24,93,90,6.91,FR,2021-12-13 04:48:15
297,San Andres,12.5847,-81.7006,80.62,83,40,14.97,CO,2021-12-13 04:48:16
298,Adre,13.4667,22.2,65.48,30,67,8.37,TD,2021-12-13 04:48:16
299,Husavik,66.0449,-17.3389,33.71,78,92,16.33,IS,2021-12-13 04:48:16
300,Albacete,38.8333,-2.0,46.18,93,40,5.75,ES,2021-12-13 04:48:17
301,Malanje,-9.5402,16.341,65.17,99,100,3.38,AO,2021-12-13 04:48:17
302,Susanville,40.4163,-120.653,42.64,81,40,16.11,US,2021-12-13 04:48:18
303,Lagoa,39.05,-27.9833,58.37,54,100,16.15,PT,2021-12-13 04:48:18
304,Crateus,-5.1783,-40.6775,78.76,62,88,6.53,BR,2021-12-13 04:48:18
305,Watsa,3.0372,29.5355,65.16,54,92,2.55,CD,2021-12-13 04:48:18
306,Cassia,-20.5831,-46.9219,67.6,98,66,1.63,BR,2021-12-13 04:48:19
307,Salinopolis,-0.6136,-47.3561,80.58,81,68,10.36,BR,2021-12-13 04:47:24
308,Mayumba,-3.432,10.6554,76.3,91,100,3.29,GA,2021-12-13 04:48:19
309,Kamakwie,9.5,-12.2333,72.16,95,10,1.34,SL,2021-12-13 04:48:20
310,Kieta,-6.2167,155.6333,84.27,78,99,3.67,PG,2021-12-13 04:48:20
311,Bambanglipuro,-7.95,110.2833,86.22,63,46,9.93,ID,2021-12-13 04:48:20
312,Biak,-0.9131,122.8766,85.08,68,59,3.31,ID,2021-12-13 04:48:21
313,Dong Xoai,11.5333,106.9167,86.9,48,34,11.68,VN,2021-12-13 04:48:21
314,Juneau,58.3019,-134.4197,24.85,86,90,0.0,US,2021-12-13 04:45:03
315,Provost,52.3501,-110.2683,13.42,96,100,1.88,CA,2021-12-13 04:48:21
316,Trelew,-43.249,-65.3051,57.04,65,81,3.42,AR,2021-12-13 04:48:22
317,Korcula,42.9622,17.1369,39.76,59,22,11.97,HR,2021-12-13 04:48:22
318,Esso,55.9333,158.7,16.09,85,100,3.04,RU,2021-12-13 04:48:22
319,Jalu,29.0331,21.5482,51.26,83,0,5.95,LY,2021-12-13 04:48:23
320,Ancud,-41.8697,-73.8203,50.43,81,100,3.58,CL,2021-12-13 04:46:37
321,Viedma,-40.8135,-62.9967,60.44,53,72,7.9,AR,2021-12-13 04:48:23
322,Faanui,-16.4833,-151.75,81.16,72,100,8.7,PF,2021-12-13 04:48:24
323,Sarangani,5.4033,125.4636,83.3,73,98,5.19,PH,2021-12-13 04:48:24
324,Arona,28.0996,-16.681,61.39,57,20,1.99,ES,2021-12-13 04:48:24
325,Kajiado,-1.8524,36.7768,62.01,82,77,9.73,KE,2021-12-13 04:48:25
326,Abomsa,9.9833,39.9833,65.48,56,74,0.54,ET,2021-12-13 04:48:25
327,Riyadh,24.6877,46.7219,46.54,28,66,5.48,SA,2021-12-13 04:48:25
328,Kudahuvadhoo,2.6708,72.8944,80.89,75,95,4.47,MV,2021-12-13 04:48:25
329,Kathmandu,27.7167,85.3167,55.62,62,20,2.3,NP,2021-12-13 04:45:54
330,Tiarei,-17.5333,-149.3333,82.42,73,16,10.89,PF,2021-12-13 04:48:26
331,Punta Gorda,26.9298,-82.0454,74.01,80,40,3.0,US,2021-12-13 04:43:51
332,Notre-Dame-Du-Lac,47.6136,-68.7964,36.88,78,99,15.61,CA,2021-12-13 04:48:27
333,Dodoma,-6.1722,35.7395,68.81,73,68,9.04,TZ,2021-12-13 04:48:27
334,Kangavar,34.5043,47.9653,24.28,28,100,1.54,IR,2021-12-13 04:48:27
335,Mafinga,-7.25,35.0667,70.83,75,100,2.66,TZ,2021-12-13 04:48:27
336,Balykshi,47.0667,51.8667,15.8,79,0,11.18,KZ,2021-12-13 04:48:28
337,Nikko,36.75,139.6167,43.95,54,8,12.37,JP,2021-12-13 04:48:28
338,Cockburn Town,21.4612,-71.1419,79.95,74,1,21.5,TC,2021-12-13 04:48:29
339,Coihaique,-45.5752,-72.0662,49.95,76,20,8.05,CL,2021-12-13 04:45:02
340,Zima,53.9202,102.0442,14.97,86,100,8.93,RU,2021-12-13 04:48:29
341,Saint Anthony,45.0205,-93.218,33.73,75,1,3.0,US,2021-12-13 04:48:29
342,Svetlyy,54.675,20.1347,30.25,88,99,7.72,RU,2021-12-13 04:48:30
343,The Valley,18.217,-63.0578,80.1,75,47,23.0,AI,2021-12-13 04:48:30
344,Tilichiki,60.4667,166.1,-4.65,97,100,18.79,RU,2021-12-13 04:48:30
345,Porgera,-5.4667,143.2,50.18,97,98,2.93,PG,2021-12-13 04:48:31
346,Yaan,7.3833,8.5667,71.6,31,21,4.36,NG,2021-12-13 04:48:31
347,Fortuna,40.5982,-124.1573,49.66,91,90,1.99,US,2021-12-13 04:48:31
348,Koulamoutou,-1.1303,12.4736,69.94,98,100,0.94,GA,2021-12-13 04:48:32
349,San Juan Bautista,-14.0108,-75.7358,59.63,80,4,2.1,PE,2021-12-13 04:48:32
350,Norman Wells,65.282,-126.8329,-2.16,71,75,14.97,CA,2021-12-13 04:48:32
351,Grindavik,63.8424,-22.4338,39.67,100,75,13.8,IS,2021-12-13 04:48:32
352,Staryy Nadym,65.6118,72.6842,-25.46,100,69,2.57,RU,2021-12-13 04:48:33
353,Purpe,64.4803,76.6897,-27.24,90,13,7.92,RU,2021-12-13 04:48:33
354,Broome,42.2506,-75.833,38.48,61,1,1.99,US,2021-12-13 04:48:33
355,Santa Vitoria Do Palmar,-33.5189,-53.3681,65.1,84,4,6.76,BR,2021-12-13 04:48:34
356,Mardin,37.3131,40.7436,49.26,30,40,5.75,TR,2021-12-13 04:48:34
357,Hasaki,35.7333,140.8333,57.29,30,44,16.4,JP,2021-12-13 04:48:34
358,Tecoanapa,16.5167,-98.75,76.5,77,0,4.45,MX,2021-12-13 04:48:35
359,Salta,-24.7859,-65.4117,75.49,70,23,1.99,AR,2021-12-13 04:48:35
360,Morehead,37.2711,-87.1764,37.11,93,1,0.0,US,2021-12-13 04:48:35
361,Izobilnyy,45.3741,41.7121,34.92,90,100,21.32,RU,2021-12-13 04:48:36
362,Northam,51.0333,-4.2167,54.01,96,100,8.1,GB,2021-12-13 04:48:36
363,Zyryanka,65.75,150.85,-31.61,92,100,10.09,RU,2021-12-13 04:48:36
364,Hambantota,6.1241,81.1185,79.14,100,40,6.91,LK,2021-12-13 04:48:37
365,Grand Gaube,-20.0064,57.6608,82.38,64,5,8.99,MU,2021-12-13 04:48:37
366,Belchatow,51.3688,19.3567,25.75,92,47,4.18,PL,2021-12-13 04:48:38
367,Port Keats,-14.25,129.55,92.39,54,7,12.01,AU,2021-12-13 04:48:38
368,Usinsk,65.9939,57.5281,10.51,91,99,15.55,RU,2021-12-13 04:48:38
369,Sao Jose Dos Pinhais,-25.5347,-49.2064,66.83,92,0,5.75,BR,2021-12-13 04:48:38
370,Goma,-1.6792,29.2228,64.62,78,100,2.82,CD,2021-12-13 04:48:39
371,Tocopilla,-22.092,-70.1979,66.15,70,2,3.09,CL,2021-12-13 04:48:39
372,Chalus,36.655,51.4204,54.86,82,75,2.3,IR,2021-12-13 04:48:40
373,Hit,33.6416,42.8251,55.49,42,80,7.92,IQ,2021-12-13 04:48:40
374,Kitimat,54.0524,-128.6534,25.18,95,89,3.09,CA,2021-12-13 04:48:40
375,Chicama,-7.8447,-79.1469,67.12,79,67,3.69,PE,2021-12-13 04:48:41
376,Tambopata,-12.7333,-69.1833,73.47,96,100,3.56,PE,2021-12-13 04:48:41
377,Acajutla,13.5928,-89.8275,77.22,78,32,8.46,SV,2021-12-13 04:48:41
378,San Carlos De Bariloche,-41.1456,-71.3082,44.35,81,75,14.97,AR,2021-12-13 04:45:36
379,Vila Velha,-20.3297,-40.2925,76.95,87,75,4.0,BR,2021-12-13 04:43:56
380,Sandnessjoen,66.0217,12.6316,41.41,89,75,3.0,NO,2021-12-13 04:48:42
381,Kuryk,43.2,51.65,27.43,68,0,10.04,KZ,2021-12-13 04:48:42
382,San Joaquin,37.9333,-121.3011,56.1,86,90,16.11,US,2021-12-13 04:48:43
383,Haines Junction,60.7522,-137.5108,-7.65,59,100,9.22,CA,2021-12-13 04:44:17
384,Ulaangom,49.9811,92.0667,1.76,90,100,0.83,MN,2021-12-13 04:48:43
385,Vacaria,-28.5122,-50.9339,61.0,84,25,5.21,BR,2021-12-13 04:48:43
386,Hobyo,5.3505,48.5268,80.38,71,18,22.28,SO,2021-12-13 04:48:44
387,Adrar,20.5022,-10.0711,62.76,18,31,10.51,MR,2021-12-13 04:48:44
388,Mogadishu,2.0371,45.3438,81.14,73,87,17.81,SO,2021-12-13 04:48:44
389,Altdorf,49.3875,11.3572,38.64,95,100,2.24,DE,2021-12-13 04:48:45
390,Samarai,-10.6167,150.6667,83.71,77,100,14.72,PG,2021-12-13 04:48:45
391,Kesan,40.8558,26.6303,46.89,95,100,4.21,TR,2021-12-13 04:48:45
392,Tura,25.5198,90.2201,73.02,45,0,1.3,IN,2021-12-13 04:48:46
393,Iqaluit,63.7506,-68.5145,6.53,60,75,8.01,CA,2021-12-13 04:48:46
394,Kanye,-24.9667,25.3327,65.57,75,100,7.72,BW,2021-12-13 04:48:46
395,Gilgit,35.9221,74.3087,38.64,33,84,1.92,PK,2021-12-13 04:48:47
396,Beyneu,45.3167,55.2,21.54,57,5,10.51,KZ,2021-12-13 04:48:47
397,Kholodnyy,62.7167,147.95,-8.0,98,100,5.21,RU,2021-12-13 04:48:47
398,Ust-Maya,60.4167,134.5333,-32.08,99,60,0.96,RU,2021-12-13 04:48:48
399,Banda Aceh,5.5577,95.3222,85.19,63,58,10.31,ID,2021-12-13 04:48:48
400,Buin,-33.7333,-70.75,63.73,74,0,1.7,CL,2021-12-13 04:46:33
401,Batesville,35.7698,-91.641,41.41,63,1,4.79,US,2021-12-13 04:45:47
402,Bonthe,7.5264,-12.505,78.35,83,4,2.35,SL,2021-12-13 04:48:49
403,Mandalgovi,45.7625,106.2708,17.17,36,0,18.16,MN,2021-12-13 04:48:49
404,Fayaoue,-20.65,166.5333,77.4,92,100,12.15,NC,2021-12-13 04:48:49
405,Yamethin,20.4333,96.15,78.94,60,1,7.09,MM,2021-12-13 04:48:50
406,Saint George,37.1041,-113.5841,41.59,63,1,1.99,US,2021-12-13 04:48:50
407,Plettenberg Bay,-34.0527,23.3716,65.82,95,100,2.39,ZA,2021-12-13 04:48:50
408,Birjand,32.8663,59.2211,28.87,50,0,6.91,IR,2021-12-13 04:48:51
409,Coquimbo,-29.9533,-71.3436,58.73,82,0,2.3,CL,2021-12-13 04:46:21
410,Geraldton,-28.7667,114.6,81.01,39,0,13.8,AU,2021-12-13 04:48:51
411,Libertador General San Martin,-23.8064,-64.7876,72.16,94,21,3.13,AR,2021-12-13 04:48:51
412,Gejiu,23.306,103.1635,46.13,89,98,4.29,CN,2021-12-13 04:48:52
413,Narsaq,60.9167,-46.05,17.82,74,97,7.29,GL,2021-12-13 04:48:52
414,Townsville,-19.25,146.8,88.68,55,40,16.11,AU,2021-12-13 04:48:52
415,Avera,33.194,-82.5271,48.07,41,0,6.35,US,2021-12-13 04:48:53
416,Belaya Gora,68.5333,146.4167,-48.21,100,98,1.07,RU,2021-12-13 04:48:53
417,Chumphon,10.3333,98.8333,80.71,58,72,10.16,TH,2021-12-13 04:48:53
418,Kijang,35.2442,129.2139,42.53,14,0,1.43,KR,2021-12-13 04:48:54
419,Steinbach,50.1667,8.5667,44.06,93,75,5.75,DE,2021-12-13 04:48:54
420,Borogontsy,62.6683,131.1683,-23.67,100,99,2.64,RU,2021-12-13 04:48:54
421,Trairi,-3.2778,-39.2689,81.14,74,96,11.21,BR,2021-12-13 04:48:55
422,Rocha,-34.4833,-54.3333,64.02,83,59,4.85,UY,2021-12-13 04:46:26
423,Fukue,32.6881,128.8419,46.76,61,75,10.36,JP,2021-12-13 04:48:55
424,Corinto,37.9407,22.9573,54.61,74,92,11.61,GR,2021-12-13 04:48:55
425,Korla,41.7597,86.1469,25.29,53,11,3.29,CN,2021-12-13 04:48:56
426,Sioux Lookout,50.1001,-91.917,30.58,93,90,6.91,CA,2021-12-13 04:48:56
427,Honiara,-9.4333,159.95,86.58,70,52,5.68,SB,2021-12-13 04:48:57
428,Hami,42.8,93.45,25.61,38,32,2.68,CN,2021-12-13 04:48:57
429,Meadow Lake,34.8014,-106.5436,41.4,41,6,2.82,US,2021-12-13 04:45:23
430,Mindelo,16.8901,-24.9804,72.95,73,75,27.63,CV,2021-12-13 04:48:57
431,Wajima,37.4,136.9,39.88,70,75,8.05,JP,2021-12-13 04:48:58
432,Tupelo,34.2576,-88.7034,35.89,80,1,3.0,US,2021-12-13 04:48:58
433,Christchurch,-43.5333,172.6333,64.47,77,90,4.0,NZ,2021-12-13 04:46:39
434,Valparaiso,-33.0393,-71.6273,56.84,62,0,5.75,CL,2021-12-13 04:48:58
435,Tautira,-17.7333,-149.15,82.42,76,15,10.36,PF,2021-12-13 04:48:59
436,Vieste,41.8825,16.175,45.1,54,6,29.3,IT,2021-12-13 04:48:59
437,Pekan,3.4836,103.3996,82.51,73,68,13.78,MY,2021-12-13 04:48:59
438,Nicolas Bravo,18.45,-88.9167,69.06,98,15,1.05,MX,2021-12-13 04:49:00
439,Maceio,-9.6658,-35.7353,76.44,88,0,2.3,BR,2021-12-13 04:48:07
440,Donegal,54.65,-8.1167,44.73,78,100,8.72,IE,2021-12-13 04:49:00
441,Riverton,40.5219,-111.9391,43.3,55,90,10.0,US,2021-12-13 04:49:01
442,Klyuchi,52.2667,79.1667,8.22,89,96,10.98,RU,2021-12-13 04:49:01
443,Kavieng,-2.5744,150.7967,82.74,78,90,11.27,PG,2021-12-13 04:49:01
444,Jian,27.1172,114.9793,55.17,63,99,6.29,CN,2021-12-13 04:49:02
445,Vostok,46.4856,135.8833,4.66,86,100,8.25,RU,2021-12-13 04:49:02
446,Kontagora,10.3999,5.4695,70.3,22,86,4.7,NG,2021-12-13 04:49:02
447,Xinqing,48.2333,129.5,8.26,66,95,9.22,CN,2021-12-13 04:49:02
448,Kyzyl-Suu,42.3414,78.0056,28.04,63,56,0.81,KG,2021-12-13 04:49:03
449,Takoradi,4.8845,-1.7554,78.75,86,32,4.12,GH,2021-12-13 04:49:03
450,Tymovskoye,50.8456,142.655,23.04,93,100,11.61,RU,2021-12-13 04:49:04
451,Berlevag,70.8578,29.0864,33.8,95,96,13.89,NO,2021-12-13 04:49:04
452,Sao Luis Do Quitunde,-9.3183,-35.5611,76.44,88,25,4.03,BR,2021-12-13 04:44:45
453,Acapulco,16.8634,-99.8901,77.59,75,3,3.15,MX,2021-12-13 04:49:04
454,Wuwei,37.9281,102.6414,31.73,29,0,8.86,CN,2021-12-13 04:49:05
455,Waipawa,-41.4122,175.5153,68.45,80,100,5.19,NZ,2021-12-13 04:49:05
456,Ulladulla,-35.35,150.4667,83.77,62,5,7.2,AU,2021-12-13 04:49:05
457,Ereymentau,51.6199,73.1033,1.09,95,66,9.91,KZ,2021-12-13 04:49:06
458,Verkhnevilyuysk,63.4453,120.3167,-16.62,96,100,6.58,RU,2021-12-13 04:49:06
459,Beringovskiy,63.05,179.3167,6.46,96,100,9.08,RU,2021-12-13 04:49:06
460,North Platte,41.1239,-100.7654,40.37,52,1,1.01,US,2021-12-13 04:49:07
461,Smithers,54.7804,-127.1743,14.32,92,90,3.44,CA,2021-12-13 04:45:09
462,Richards Bay,-28.783,32.0377,76.8,75,100,6.96,ZA,2021-12-13 04:49:07
463,Garden City,42.3256,-83.331,41.86,64,75,5.01,US,2021-12-13 04:46:26
464,Yinchuan,38.4681,106.2731,31.05,31,0,2.66,CN,2021-12-13 04:49:08
465,Doka,13.5167,35.7667,73.83,25,21,5.66,SD,2021-12-13 04:49:08
466,Fort Nelson,58.8053,-122.7002,0.99,78,90,5.75,CA,2021-12-13 04:49:08
467,Broken Hill,-31.95,141.4333,91.11,11,66,10.36,AU,2021-12-13 04:49:09
468,Sorland,67.667,12.6934,33.87,87,97,14.54,NO,2021-12-13 04:49:09
469,Zhigansk,66.7697,123.3711,-33.72,99,83,11.95,RU,2021-12-13 04:49:09
470,Tacna,-18.0056,-70.2483,59.9,90,100,2.68,PE,2021-12-13 04:49:09
471,Tuatapere,-46.1333,167.6833,61.83,59,71,6.06,NZ,2021-12-13 04:49:10
472,San Quintin,30.4833,-115.95,49.44,79,4,1.34,MX,2021-12-13 04:46:11
473,Harnosand,62.6323,17.9379,26.6,93,67,6.55,SE,2021-12-13 04:49:10
474,Mahon,39.8885,4.2658,48.76,93,0,6.91,ES,2021-12-13 04:49:11
475,Garoua,9.3,13.4,70.45,27,79,4.0,CM,2021-12-13 04:49:11
476,Novovyazniki,56.1975,42.1711,19.54,84,96,10.33,RU,2021-12-13 04:49:11
477,Ilebo,-4.3167,20.5833,71.58,95,100,1.28,CD,2021-12-13 04:49:12
478,Moncagua,13.5333,-88.25,72.86,80,46,2.89,SV,2021-12-13 04:49:12
479,Kombissiri,12.0656,-1.3375,67.98,20,32,7.52,BF,2021-12-13 04:49:12
480,Camana,-16.6228,-72.7111,67.8,90,98,7.27,PE,2021-12-13 04:49:13
481,Aklavik,68.2191,-135.0107,-4.97,88,100,20.62,CA,2021-12-13 04:49:13
482,Rio Tuba,8.5061,117.4317,83.82,74,53,14.16,PH,2021-12-13 04:49:13
483,Constitucion,-35.3333,-72.4167,50.05,77,0,8.72,CL,2021-12-13 04:46:22
484,Jishou,28.3167,109.7167,54.39,59,66,3.13,CN,2021-12-13 04:49:14
485,Hualmay,-11.0964,-77.6139,66.09,91,9,6.73,PE,2021-12-13 04:49:14
486,Tigil,57.8,158.6667,19.11,90,100,9.69,RU,2021-12-13 04:49:15
487,Bac Lieu,9.285,105.7244,83.32,68,88,7.67,VN,2021-12-13 04:49:15
488,Isangel,-19.55,169.2667,86.11,79,90,6.91,VU,2021-12-13 04:49:15
489,Smidovich,48.6,133.8167,7.03,87,7,11.45,RU,2021-12-13 04:49:16
490,Nizhniy Kuranakh,58.8353,125.4869,-11.74,90,100,1.48,RU,2021-12-13 04:49:16
491,Tateyama,34.9833,139.8667,59.02,47,28,10.69,JP,2021-12-13 04:49:16
492,Oyem,1.5995,11.5793,67.39,97,89,2.15,GA,2021-12-13 04:49:17
493,Severo-Kurilsk,50.6789,156.125,32.41,84,55,3.76,RU,2021-12-13 04:49:17
494,La Ronge,55.1001,-105.2842,1.65,85,90,1.14,CA,2021-12-13 04:45:24
495,Chapadinha,-3.7417,-43.3603,74.73,89,96,2.21,BR,2021-12-13 04:49:17
496,Fairbanks,64.8378,-147.7164,-12.78,71,1,0.0,US,2021-12-13 04:45:16
497,Yazman,29.1212,71.7446,67.71,18,12,5.03,PK,2021-12-13 04:49:18
498,Palembang,-2.9167,104.7458,84.29,74,75,10.36,ID,2021-12-13 04:49:18
499,Senador Guiomard,-10.1522,-67.7392,74.95,98,100,3.67,BR,2021-12-13 04:49:19
500,Presidencia Roque Saenz Pena,-26.7852,-60.4388,73.2,78,97,4.47,AR,2021-12-13 04:49:19
501,Gawler,-34.6,138.7333,69.64,86,100,8.16,AU,2021-12-13 04:49:19
502,Bubaque,11.2833,-15.8333,80.85,68,34,9.1,GW,2021-12-13 04:49:20
503,Shingu,33.7333,135.9833,56.39,45,6,7.54,JP,2021-12-13 04:49:20
504,Kottaiyur,10.1167,78.8167,82.47,69,92,15.01,IN,2021-12-13 04:49:20
505,Belmonte,-15.8631,-38.8828,75.7,87,89,6.31,BR,2021-12-13 04:49:21
506,Alamosa,37.4695,-105.87,17.11,56,1,0.0,US,2021-12-13 04:49:21
507,Ostrovnoy,68.0531,39.5131,27.93,93,100,12.97,RU,2021-12-13 04:49:21
508,Palamos,41.8484,3.1291,52.32,81,6,2.3,ES,2021-12-13 04:49:22
509,Charters Towers,-20.1,146.2667,96.82,23,19,6.29,AU,2021-12-13 04:49:22
510,Pilar,-9.5972,-35.9567,75.13,89,39,3.94,BR,2021-12-13 04:49:22
511,Visnes,59.3556,5.2242,47.21,93,75,23.02,NO,2021-12-13 04:49:23
512,Kiunga,-6.1219,141.2906,76.68,96,100,3.09,PG,2021-12-13 04:49:23
513,Marienburg,54.0359,19.0266,31.12,94,78,6.69,PL,2021-12-13 04:49:23
514,Razole,16.4833,81.8333,82.69,58,93,10.47,IN,2021-12-13 04:49:24
515,Karimganj,24.8667,92.35,71.91,52,0,1.81,IN,2021-12-13 04:49:24
516,Natitingou,10.3042,1.3796,71.49,21,83,4.97,BJ,2021-12-13 04:49:24
517,Barabai,-2.5833,115.3833,82.87,84,90,4.21,ID,2021-12-13 04:49:25
518,Verkhniye Kigi,55.4083,58.6044,5.9,91,100,4.09,RU,2021-12-13 04:49:25
519,Koutsouras,35.0339,25.9469,55.11,71,15,13.53,GR,2021-12-13 04:49:25
520,Vila Franca Do Campo,37.7167,-25.4333,57.2,57,100,13.0,PT,2021-12-13 04:49:26
521,Balikpapan,-1.2675,116.8289,85.19,70,20,5.75,ID,2021-12-13 04:49:26
522,Ponta Delgada,37.7333,-25.6667,57.51,62,40,9.22,PT,2021-12-13 04:49:26
523,Lexington,37.9887,-84.4777,35.6,70,1,4.61,US,2021-12-13 04:45:23
524,Kavaratti,10.5669,72.642,82.31,70,74,5.95,IN,2021-12-13 04:49:27
525,Wanning,18.8003,110.3967,72.05,77,86,16.75,CN,2021-12-13 04:49:27
526,Skibbereen,51.55,-9.2667,44.4,82,100,2.62,IE,2021-12-13 04:49:27
527,Anchorage,61.2181,-149.9003,6.85,61,1,6.91,US,2021-12-13 04:45:03
528,Souillac,-20.5167,57.5167,82.36,74,75,5.75,MU,2021-12-13 04:49:28
529,Bhag,29.0415,67.8239,67.75,19,0,0.96,PK,2021-12-13 04:49:28
530,Guerrero Negro,27.9769,-114.0611,60.37,72,95,8.77,MX,2021-12-13 04:49:28
531,Slonim,53.0867,25.3219,30.56,83,100,7.07,BY,2021-12-13 04:49:29
532,Comodoro Rivadavia,-45.8667,-67.5,55.26,82,100,9.22,AR,2021-12-13 04:45:25
533,Moshenskoye,58.5102,34.5911,32.61,98,100,7.63,RU,2021-12-13 04:49:29
534,Vyazemskiy,47.5378,134.7525,7.74,82,85,12.8,RU,2021-12-13 04:49:29
535,Oum Hadjer,13.2954,19.6966,71.53,17,48,7.16,TD,2021-12-13 04:49:30
536,Coahuayana,18.7333,-103.6833,76.19,89,36,3.27,MX,2021-12-13 04:45:20
537,Lakes Entrance,-37.8811,147.981,84.58,65,0,12.57,AU,2021-12-13 04:49:30
538,Lengshuijiang,27.6881,111.4294,55.06,61,67,2.33,CN,2021-12-13 04:49:31
539,Ransang,8.9603,117.5828,85.89,69,66,3.87,PH,2021-12-13 04:49:31
540,Magallanes,9.02,125.5172,85.44,67,83,2.77,PH,2021-12-13 04:49:31
541,Vrangel,42.7297,133.0839,23.29,37,0,18.81,RU,2021-12-13 04:49:32
542,Mpophomeni,-29.5682,30.1862,63.3,78,99,3.33,ZA,2021-12-13 04:49:32
543,Eslamshahr,35.5605,51.2346,42.24,62,0,0.0,IR,2021-12-13 04:49:32
544,Los Llanos De Aridane,28.6585,-17.9182,62.35,85,75,5.99,ES,2021-12-13 04:49:33
545,Benguela,-12.5763,13.4055,76.71,86,100,1.72,AO,2021-12-13 04:49:33
546,Huarmey,-10.0681,-78.1522,66.96,86,55,6.91,PE,2021-12-13 04:49:33
547,Matadi,-5.8167,13.45,75.43,97,100,1.1,CD,2021-12-13 04:49:34
548,Itacoatiara,-3.1431,-58.4442,75.04,95,100,1.72,BR,2021-12-13 04:49:34
549,Kapuskasing,49.4169,-82.4331,30.29,93,1,10.36,CA,2021-12-13 04:49:34
550,Torbat-E Jam,35.244,60.6225,44.2,62,3,6.53,IR,2021-12-13 04:49:34
551,Miramas,43.5833,5.0,41.18,84,0,4.61,FR,2021-12-13 04:49:35
552,Wattegama,6.7989,81.4808,77.92,94,100,5.14,LK,2021-12-13 04:49:35
553,Faya,18.3851,42.4509,42.91,30,0,3.04,SA,2021-12-13 04:49:35
554,Inhambane,-23.865,35.3833,84.18,83,40,7.0,MZ,2021-12-13 04:49:36
555,Vernon,50.2581,-119.2691,30.81,74,88,9.22,CA,2021-12-13 04:48:41
556,Hashtrud,37.4779,47.0508,35.33,49,7,3.22,IR,2021-12-13 04:49:36
557,Poum,-20.2333,164.0167,78.28,90,100,22.95,NC,2021-12-13 04:49:36
558,Farafenni,13.5667,-15.6,72.72,48,84,5.7,GM,2021-12-13 04:49:37
559,Fare,-16.7,-151.0167,80.83,73,64,10.54,PF,2021-12-13 04:49:37
560,Antalaha,-14.9003,50.2788,80.73,66,60,5.7,MG,2021-12-13 04:49:37
561,Tabou,4.423,-7.3528,78.53,85,4,4.79,CI,2021-12-13 04:49:38
562,Chimbote,-9.0853,-78.5783,66.16,84,56,5.84,PE,2021-12-13 04:44:57
563,Mount Gambier,-37.8333,140.7667,64.31,63,90,16.11,AU,2021-12-13 04:49:38
564,Agadir,30.4202,-9.5982,55.85,34,99,7.74,MA,2021-12-13 04:48:52
565,Quelimane,-17.8786,36.8883,80.55,69,20,10.0,MZ,2021-12-13 04:49:39
566,Tashtyp,52.7939,89.8983,18.5,79,95,11.86,RU,2021-12-13 04:49:39
567,Zatoka,46.0725,30.4654,46.94,97,100,0.4,UA,2021-12-13 04:49:39
568,Zhezkazgan,47.8043,67.7144,17.58,86,90,20.13,KZ,2021-12-13 04:49:40
569,Santa Cruz De Tenerife,28.4682,-16.2546,68.29,76,0,4.61,ES,2021-12-13 04:49:40
570,Tiznit,29.5833,-9.5,58.89,42,95,6.31,MA,2021-12-13 04:49:40
571,Saint-Joseph,-21.3667,55.6167,81.21,70,17,12.21,RE,2021-12-13 04:49:41
572,Rehnan,32.6846,51.6013,45.73,34,20,0.78,IR,2021-12-13 04:49:41
573,Senanga,-16.1167,23.2667,74.98,59,82,6.82,ZM,2021-12-13 04:49:41
574,Ambon,-3.6954,128.1814,91.54,58,40,5.75,ID,2021-12-13 04:49:42
575,Zaraza,9.3503,-65.3245,72.7,95,59,4.92,VE,2021-12-13 04:49:42
576,Bridlington,54.0831,-0.1919,52.05,89,88,17.47,GB,2021-12-13 04:49:42
577,Puerto Del Rosario,28.5004,-13.8627,60.55,94,0,6.91,ES,2021-12-13 04:49:43
578,Santa Isabel,-23.3156,-46.2214,72.66,95,43,2.01,BR,2021-12-13 04:48:37
579,Bontang,0.1333,117.5,83.01,72,94,6.42,ID,2021-12-13 04:49:43
580,Sainte-Suzanne,-20.9061,55.6089,82.85,64,0,23.02,RE,2021-12-13 04:49:43
581,Pandan,14.0453,124.1694,79.48,85,69,18.3,PH,2021-12-13 04:49:44
582,Izhma,65.0083,53.9113,12.9,89,100,8.01,RU,2021-12-13 04:49:44
583,Pacific Grove,36.6177,-121.9166,54.43,85,90,5.01,US,2021-12-13 04:49:44
584,Aracati,-4.5617,-37.7697,80.6,75,84,12.08,BR,2021-12-13 04:49:45
585,Fort Myers Beach,26.452,-81.9481,73.99,88,20,3.44,US,2021-12-13 04:49:45
586,Ibra,22.6906,58.5334,67.44,49,26,0.45,OM,2021-12-13 04:49:45
587,Moron,-34.6534,-58.6198,76.75,92,97,5.57,AR,2021-12-13 04:49:46
588,Ranikhet,29.65,79.4167,50.43,39,98,1.63,IN,2021-12-13 04:49:46
589,Oriximina,-1.7656,-55.8661,74.7,93,100,2.84,BR,2021-12-13 04:49:46
590,Porto Walter,-8.2686,-72.7439,72.82,98,93,2.26,BR,2021-12-13 04:49:47
591,Puerto Narino,-3.7703,-70.3831,76.95,98,74,2.98,CO,2021-12-13 04:49:47
592,Homer,59.6425,-151.5483,12.07,67,1,0.0,US,2021-12-13 04:49:47
593,Englehart,47.8169,-79.8664,36.16,69,20,9.22,CA,2021-12-13 04:46:30
594,Dawlatabad,36.4141,64.9053,48.47,60,26,2.46,AF,2021-12-13 04:49:48
595,Gizo,-8.103,156.8419,85.5,73,34,11.12,SB,2021-12-13 04:49:48
596,Longhua,23.6137,114.1919,71.92,41,0,5.37,CN,2021-12-13 04:49:48
597,Santa Lucia,27.9117,-15.5407,54.72,67,20,12.66,ES,2021-12-13 04:49:49
598,Clyde River,70.4692,-68.5914,-18.54,99,91,4.85,CA,2021-12-13 04:49:49
599,Volodarka,49.5248,29.9122,38.01,92,100,7.78,UA,2021-12-13 04:49:50
600,Road Town,18.4167,-64.6167,78.89,76,13,22.77,VG,2021-12-13 04:49:50
601,Dudinka,69.4058,86.1778,-27.38,95,32,4.76,RU,2021-12-13 04:49:50
602,Bayshore Gardens,27.4253,-82.5904,72.14,78,1,6.91,US,2021-12-13 04:49:51
603,Kristinehamn,59.3098,14.1081,34.36,95,100,6.38,SE,2021-12-13 04:49:51
604,Kenai,60.5544,-151.2583,3.25,60,1,11.5,US,2021-12-13 04:49:51
605,Malmyzh,56.5205,50.6818,9.0,89,78,6.46,RU,2021-12-13 04:49:51
606,Asau,46.4333,26.4,37.4,84,100,2.68,RO,2021-12-13 04:49:52
607,Fallon,39.4735,-118.7774,44.47,50,90,14.97,US,2021-12-13 04:49:52
608,Nemuro,43.3236,145.575,34.23,55,37,32.84,JP,2021-12-13 04:49:52
609,Eydhafushi,5.1033,73.0708,80.6,80,99,15.75,MV,2021-12-13 04:49:53
610,Ahipara,-35.1667,173.1667,67.32,96,100,7.14,NZ,2021-12-13 04:49:53
611,Yenagoa,4.9247,6.2642,77.41,91,78,3.06,NG,2021-12-13 04:49:53
612,Pisco,-13.7,-76.2167,64.45,94,0,10.36,PE,2021-12-13 04:48:47
613,Kastrakion,39.7156,21.6181,40.62,97,100,5.86,GR,2021-12-13 04:49:54
614,Thinadhoo,0.5333,72.9333,81.48,75,80,10.6,MV,2021-12-13 04:49:54
615,Curaca,-8.9903,-39.9094,74.88,68,96,15.61,BR,2021-12-13 04:49:54
616,Jardim,-21.4803,-56.1381,71.11,89,100,3.69,BR,2021-12-13 04:49:55
617,Sokoto,13.0609,5.239,67.14,17,100,9.73,NG,2021-12-13 04:49:55
618,Koygorodok,60.445,50.9968,7.83,93,94,5.75,RU,2021-12-13 04:49:55
619,Muros,42.7762,-9.0603,52.3,81,54,7.16,ES,2021-12-13 04:49:56
620,La Plata,-34.9215,-57.9545,76.77,84,100,4.14,AR,2021-12-13 04:49:56
621,Kahului,20.8947,-156.47,75.22,84,40,13.8,US,2021-12-13 04:49:56
622,Beloha,-25.1667,45.05,87.22,31,8,10.29,MG,2021-12-13 04:49:57
623,Dukat,62.55,155.55,-6.79,97,100,7.31,RU,2021-12-13 04:49:57
624,Samana,19.2056,-69.3369,74.84,89,41,9.98,DO,2021-12-13 04:49:57
625,Clarence Town,-32.5833,151.7833,76.62,50,3,8.05,AU,2021-12-13 04:49:58
626,Nabire,-3.3667,135.4833,88.03,62,100,6.35,ID,2021-12-13 04:49:17
627,Glasgow,55.8652,-4.2576,46.22,86,75,5.01,GB,2021-12-13 04:49:58
628,Saint-Leu,-21.15,55.2833,81.68,68,6,7.76,RE,2021-12-13 04:49:59
629,Moyale,3.5167,39.0584,71.04,59,86,4.85,KE,2021-12-13 04:49:59
630,Saint-Pierre,-21.3393,55.4781,82.29,61,0,23.02,RE,2021-12-13 04:49:59
631,Sao Jose Da Coroa Grande,-8.8978,-35.1478,77.18,84,24,7.07,BR,2021-12-13 04:50:00
632,Bitung,1.4451,125.1824,88.65,65,75,10.4,ID,2021-12-13 04:50:00
633,Khor,47.8861,134.9464,5.63,87,54,14.32,RU,2021-12-13 04:50:00
634,Awjilah,29.1081,21.2869,51.58,79,1,5.84,LY,2021-12-13 04:50:01
635,Beidao,34.5686,105.8933,41.18,63,82,6.13,CN,2021-12-13 04:50:01
636,Antofagasta,-23.65,-70.4,61.88,83,12,4.88,CL,2021-12-13 04:50:01
637,Pabbi,34.0106,71.7989,43.48,20,2,1.63,PK,2021-12-13 04:50:02
638,Aksu,41.1231,80.2644,27.73,51,25,1.3,CN,2021-12-13 04:50:02
639,Sobolevo,54.4299,31.8996,31.73,99,100,4.09,RU,2021-12-13 04:50:02
640,Baghdad,33.3406,44.4009,46.31,71,0,8.05,IQ,2021-12-13 04:46:58
641,Najran,17.4924,44.1277,47.05,58,0,1.99,SA,2021-12-13 04:50:03
642,Kilindoni,-7.9139,39.6668,79.09,77,11,4.97,TZ,2021-12-13 04:50:03
643,Leningradskiy,69.3833,178.4167,-30.77,89,11,4.12,RU,2021-12-13 04:50:03
644,Kidal,18.4411,1.4078,67.8,11,30,8.77,ML,2021-12-13 04:50:04
645,Kralendijk,12.15,-68.2667,78.78,83,20,6.91,BQ,2021-12-13 04:50:04
646,Bria,6.5423,21.9863,69.33,41,96,4.14,CF,2021-12-13 04:50:04
647,Tottori,35.5,134.2333,46.47,61,75,12.66,JP,2021-12-13 04:46:46
648,Matagami,49.7502,-77.6328,32.11,93,90,10.36,CA,2021-12-13 04:50:05
649,Varhaug,58.6147,5.6457,46.89,88,100,21.36,NO,2021-12-13 04:50:05
650,Gornopravdinsk,60.05,69.9,-4.56,100,85,3.22,RU,2021-12-13 04:50:05
651,Williams Lake,52.1415,-122.1445,27.97,91,75,1.01,CA,2021-12-13 04:47:45
652,Kingman,35.1894,-114.053,50.54,52,1,5.75,US,2021-12-13 04:50:06
653,Kota Bahru,6.1333,102.2386,77.0,88,40,3.0,MY,2021-12-13 04:50:06
654,Colares,38.7992,-9.4469,56.34,75,4,1.01,PT,2021-12-13 04:50:07
655,Rosarito,32.3333,-117.0333,55.09,70,2,2.08,MX,2021-12-13 04:50:07
656,Itoman,26.1247,127.6694,68.02,71,75,24.16,JP,2021-12-13 04:50:08
657,Semey,50.4111,80.2275,5.22,85,75,8.95,KZ,2021-12-13 04:50:08
658,Sitka,57.0531,-135.33,35.49,55,40,5.75,US,2021-12-13 04:50:08
659,Kingsville,27.5159,-97.8561,62.82,76,90,1.01,US,2021-12-13 04:50:08
660,Quatre Cocos,-20.2078,57.7625,82.09,69,13,12.91,MU,2021-12-13 04:50:09
661,Caconda,-13.7333,15.0667,60.19,98,100,3.44,AO,2021-12-13 04:50:09
662,Kalashnikovo,57.2824,35.2262,29.25,98,100,7.4,RU,2021-12-13 04:50:09
663,Racine,42.7495,-88.0751,42.78,67,97,5.99,US,2021-12-13 04:47:55
664,Robinson,31.4677,-97.1147,48.81,60,1,9.22,US,2021-12-13 04:50:10
665,Bako,5.7833,36.5667,69.82,39,53,3.38,ET,2021-12-13 04:50:10
666,Saint Cloud,45.5608,-94.1625,28.24,78,1,1.01,US,2021-12-13 04:48:45
667,Xining,36.6167,101.7667,31.12,19,0,1.9,CN,2021-12-13 04:50:11
668,Pangody,65.85,74.4859,-31.11,98,23,3.53,RU,2021-12-13 04:50:11
669,Bose,45.4612,8.0137,41.22,69,35,3.22,IT,2021-12-13 04:50:11
670,Toora-Khem,52.4675,96.11,12.81,88,100,0.89,RU,2021-12-13 04:50:12
671,Hirtshals,57.5881,9.9592,39.02,98,100,8.03,DK,2021-12-13 04:50:12
672,Zelenets,61.8849,50.7489,7.05,95,100,5.57,RU,2021-12-13 04:50:12
673,Launceston,-41.45,147.1667,73.62,46,4,5.01,AU,2021-12-13 04:50:13
674,Mocuba,-16.8392,36.9856,86.67,46,3,6.96,MZ,2021-12-13 04:50:13
675,Grand Forks,47.9417,-97.4337,31.93,74,1,8.05,US,2021-12-13 04:45:23
676,Sulangan,11.1373,123.7228,81.41,81,99,13.31,PH,2021-12-13 04:50:13
677,Camacha,33.0833,-16.3333,59.54,94,40,0.0,PT,2021-12-13 04:50:14
678,Atar,20.5169,-13.0499,68.04,17,83,8.55,MR,2021-12-13 04:50:14
679,Dakar,14.6937,-17.4441,72.48,73,85,13.13,SN,2021-12-13 04:49:48
680,Quang Ngai,15.1167,108.8,75.11,81,63,12.73,VN,2021-12-13 04:45:54
681,Somerset East,-32.7217,25.588,71.42,67,65,2.64,ZA,2021-12-13 04:50:15
682,Saint-Georges,12.0564,-61.7485,76.68,88,75,0.0,GD,2021-12-13 04:50:15
683,Hounde,11.5,-3.5167,73.51,21,74,2.89,BF,2021-12-13 04:50:15
684,Mukhen,48.1,136.1,8.83,85,99,10.31,RU,2021-12-13 04:50:16
