city_ID,City,Lat,Lng,Max Temp,Humidity,Cloudiness,Wind Speed,Country,Current Description,Date
0,Mataura,-46.1927,168.8643,61.48,42,17,6.82,NZ,light rain,2021-12-13 04:46:42
1,Necochea,-38.5473,-58.7368,59.04,64,35,5.59,AR,scattered clouds,2021-12-13 04:49:58
2,Khatanga,71.9667,102.5,-36.78,95,90,6.8,RU,overcast clouds,2021-12-13 04:47:22
3,Puerto Ayora,-0.7393,-90.3518,68.56,97,92,1.01,EC,overcast clouds,2021-12-13 04:47:50
4,Albany,42.6001,-73.9662,39.72,58,0,1.01,US,clear sky,2021-12-13 04:46:47
5,Longyearbyen,78.2186,15.6401,31.84,86,40,21.85,SJ,scattered clouds,2021-12-13 04:47:41
6,Rikitea,-23.1203,-134.9692,77.34,78,89,9.66,PF,light rain,2021-12-13 04:46:53
7,Alofi,-19.0595,-169.9187,80.49,69,75,8.05,NU,broken clouds,2021-12-13 04:52:47
8,Jamestown,42.097,-79.2353,38.79,57,1,4.0,US,clear sky,2021-12-13 04:43:02
9,Lasa,46.6166,10.7002,40.08,94,62,7.58,IT,broken clouds,2021-12-13 04:52:47
10,Port Alfred,-33.5906,26.891,73.49,89,100,10.4,ZA,overcast clouds,2021-12-13 04:47:18
11,Coahuayana,18.7333,-103.6833,76.19,89,36,3.27,MX,scattered clouds,2021-12-13 04:45:20
12,Flin Flon,54.7682,-101.865,8.15,95,100,4.65,CA,overcast clouds,2021-12-13 04:45:42
13,Killybegs,54.6333,-8.45,46.33,72,100,15.26,IE,overcast clouds,2021-12-13 04:52:48
14,Punta Arenas,-53.15,-70.9167,42.91,65,40,13.8,CL,scattered clouds,2021-12-13 04:46:51
15,Isangel,-19.55,169.2667,86.11,79,90,6.91,VU,moderate rain,2021-12-13 04:49:15
16,Busselton,-33.65,115.3333,70.11,41,100,11.21,AU,overcast clouds,2021-12-13 04:46:52
17,Calvinia,-31.4707,19.776,59.13,68,59,7.87,ZA,broken clouds,2021-12-13 04:52:48
18,Kapaa,22.0752,-159.319,78.78,78,40,4.0,US,light rain,2021-12-13 04:42:34
19,Huilong,31.8111,121.655,49.98,47,5,7.4,CN,clear sky,2021-12-13 04:52:49
20,Hermanus,-34.4187,19.2345,62.91,84,64,5.44,ZA,light rain,2021-12-13 04:46:46
21,Montpellier,43.6109,3.8772,39.72,93,0,4.61,FR,clear sky,2021-12-13 04:52:49
22,Ushuaia,-54.8,-68.3,33.55,94,83,2.95,AR,broken clouds,2021-12-13 04:46:43
23,San Quintin,30.4833,-115.95,49.44,79,4,1.34,MX,clear sky,2021-12-13 04:46:11
24,Prainha,-1.8,-53.48,75.61,87,100,2.95,BR,overcast clouds,2021-12-13 04:52:50
25,Saint George,37.1041,-113.5841,41.59,63,1,1.99,US,clear sky,2021-12-13 04:48:50
26,Butaritari,3.0707,172.7902,82.26,73,26,16.46,KI,scattered clouds,2021-12-13 04:47:00
27,Carballo,43.213,-8.691,52.86,90,56,3.91,ES,broken clouds,2021-12-13 04:52:50
28,Sawtell,-30.3833,153.1,79.12,64,25,14.97,AU,scattered clouds,2021-12-13 04:52:51
29,Strelka,58.0728,93.0344,-2.72,96,97,3.31,RU,overcast clouds,2021-12-13 04:52:51
30,Hithadhoo,-0.6,73.0833,81.86,75,95,11.18,MV,overcast clouds,2021-12-13 04:46:49
31,Erzin,36.9559,36.2,52.32,50,100,8.75,TR,overcast clouds,2021-12-13 04:52:51
32,Srednekolymsk,67.45,153.6833,-29.97,95,99,2.44,RU,overcast clouds,2021-12-13 04:47:18
33,Chokurdakh,70.6333,147.9167,-35.77,97,99,2.75,RU,overcast clouds,2021-12-13 04:46:50
34,Trinidad,-14.8333,-64.9,76.55,89,99,7.23,BO,overcast clouds,2021-12-13 04:47:20
35,Carnarvon,-24.8667,113.6333,80.67,61,1,20.71,AU,clear sky,2021-12-13 04:47:23
36,Atuona,-9.8,-139.0333,79.05,79,46,18.54,PF,scattered clouds,2021-12-13 04:47:12
37,Ambon,-3.6954,128.1814,91.54,58,40,5.75,ID,scattered clouds,2021-12-13 04:49:42
38,Sitka,57.0531,-135.33,35.49,55,40,5.75,US,scattered clouds,2021-12-13 04:50:08
39,Sakakah,29.9697,40.2064,53.17,36,100,7.63,SA,overcast clouds,2021-12-13 04:52:53
40,Victoria,22.2855,114.1577,74.17,66,0,1.01,HK,clear sky,2021-12-13 04:44:30
41,Lavrentiya,65.5833,-171.0,-15.79,90,65,4.32,RU,broken clouds,2021-12-13 04:47:01
42,Provideniya,64.3833,-173.3,-8.64,70,67,15.66,RU,broken clouds,2021-12-13 04:48:09
43,Mount Isa,-20.7333,139.5,103.77,7,0,9.22,AU,clear sky,2021-12-13 04:47:36
44,Cape Town,-33.9258,18.4232,65.08,85,20,4.0,ZA,few clouds,2021-12-13 04:43:10
45,Constitucion,-35.3333,-72.4167,50.05,77,0,8.72,CL,clear sky,2021-12-13 04:46:22
46,Mocajuba,-2.5842,-49.5072,75.33,94,100,2.37,BR,overcast clouds,2021-12-13 04:52:54
47,San Estanislao,10.3983,-75.1511,78.89,92,86,0.92,CO,overcast clouds,2021-12-13 04:52:54
48,Sola,-13.8833,167.55,83.08,76,99,14.47,VU,moderate rain,2021-12-13 04:52:54
49,Saint-Philippe,-21.3585,55.7679,82.22,74,36,11.74,RE,scattered clouds,2021-12-13 04:46:59
50,Salinas,36.6777,-121.6555,54.82,81,90,5.75,US,light rain,2021-12-13 04:47:27
51,Oranjemund,-28.55,16.4333,61.83,91,10,4.94,NA,clear sky,2021-12-13 04:52:55
52,Fortuna,40.5982,-124.1573,49.66,91,90,1.99,US,overcast clouds,2021-12-13 04:48:31
53,Vao,-22.6667,167.4833,76.35,91,100,14.97,NC,moderate rain,2021-12-13 04:47:56
54,Bredasdorp,-34.5322,20.0403,61.29,84,90,5.08,ZA,overcast clouds,2021-12-13 04:47:37
55,Port Elizabeth,-33.918,25.5701,70.09,94,75,4.61,ZA,light rain,2021-12-13 04:47:13
56,Ancud,-41.8697,-73.8203,50.43,81,100,3.58,CL,overcast clouds,2021-12-13 04:46:37
57,Vung Tau,10.346,107.0843,80.98,68,99,1.7,VN,overcast clouds,2021-12-13 04:52:56
58,Leningradskiy,69.3833,178.4167,-30.77,89,11,4.12,RU,few clouds,2021-12-13 04:50:03
59,Cabo San Lucas,22.8909,-109.9124,73.15,77,67,5.06,MX,broken clouds,2021-12-13 04:47:26
60,San Jeronimo,-11.9472,-75.2829,48.9,91,100,0.78,PE,overcast clouds,2021-12-13 04:52:57
61,Shingu,33.7333,135.9833,56.39,45,6,7.54,JP,clear sky,2021-12-13 04:49:20
62,New Norfolk,-42.7826,147.0587,81.66,21,16,4.27,AU,few clouds,2021-12-13 04:47:15
63,Georgetown,5.4112,100.3354,88.9,65,20,1.01,MY,few clouds,2021-12-13 04:47:03
64,Avarua,-21.2078,-159.775,73.45,94,75,11.5,CK,moderate rain,2021-12-13 04:46:48
65,Iranshahr,27.2025,60.6848,52.14,25,0,0.0,IR,clear sky,2021-12-13 04:47:13
66,Ayan,56.45,138.1667,12.22,64,99,6.87,RU,overcast clouds,2021-12-13 04:52:57
67,Lata,40.1629,-8.3327,55.92,86,9,4.54,PT,clear sky,2021-12-13 04:52:58
68,Qaanaaq,77.484,-69.3632,-3.6,73,1,5.3,GL,clear sky,2021-12-13 04:46:54
69,Harper,4.375,-7.7169,78.13,86,9,5.44,LR,light rain,2021-12-13 04:48:09
70,Yar-Sale,66.8333,70.8333,-17.12,100,93,2.55,RU,overcast clouds,2021-12-13 04:52:58
71,Codajas,-3.8367,-62.0569,73.38,99,100,2.64,BR,light rain,2021-12-13 04:52:59
72,Ribeira Grande,38.5167,-28.7,58.86,56,100,11.25,PT,overcast clouds,2021-12-13 04:47:04
73,Pillaro,-1.1667,-78.5333,53.15,91,97,4.63,EC,light rain,2021-12-13 04:52:59
74,Portree,57.4129,-6.1942,43.86,71,98,18.39,GB,overcast clouds,2021-12-13 04:52:59
75,Puerto Asis,0.5133,-76.5007,73.47,94,81,0.25,CO,broken clouds,2021-12-13 04:53:00
76,Half Moon Bay,37.4636,-122.4286,55.58,94,90,5.01,US,mist,2021-12-13 04:47:07
77,Tuatapere,-46.1333,167.6833,61.83,59,71,6.06,NZ,broken clouds,2021-12-13 04:49:10
78,Guerrero Negro,27.9769,-114.0611,60.37,72,95,8.77,MX,overcast clouds,2021-12-13 04:49:28
79,Buala,-8.145,159.5921,84.34,79,63,9.31,SB,moderate rain,2021-12-13 04:53:00
80,Cozumel,20.5083,-86.9458,75.18,91,2,10.45,MX,clear sky,2021-12-13 04:53:01
81,Katsuura,35.1333,140.3,59.11,42,32,11.41,JP,scattered clouds,2021-12-13 04:47:07
82,Bethel,41.3712,-73.414,41.2,59,1,1.01,US,clear sky,2021-12-13 04:46:43
83,Hilo,19.7297,-155.09,74.93,38,20,4.61,US,light rain,2021-12-13 04:47:01
84,Davila,18.4726,120.5763,87.78,63,44,24.65,PH,scattered clouds,2021-12-13 04:53:01
85,Mahebourg,-20.4081,57.7,82.26,74,75,5.75,MU,broken clouds,2021-12-13 04:47:32
86,San Juan Del Sur,11.2529,-85.8705,77.2,80,48,19.44,NI,scattered clouds,2021-12-13 04:53:02
87,Klaksvik,62.2266,-6.589,38.32,99,100,34.61,FO,overcast clouds,2021-12-13 04:53:02
88,High Prairie,55.4334,-116.4858,9.7,91,100,5.08,CA,overcast clouds,2021-12-13 04:47:25
89,Talnakh,69.4865,88.3972,-27.8,79,42,1.59,RU,scattered clouds,2021-12-13 04:47:30
90,Kavaratti,10.5669,72.642,82.31,70,74,5.95,IN,broken clouds,2021-12-13 04:49:27
91,Mar Del Plata,-38.0023,-57.5575,62.87,74,0,1.01,AR,clear sky,2021-12-13 04:47:42
92,Iqaluit,63.7506,-68.5145,6.53,60,75,8.01,CA,broken clouds,2021-12-13 04:48:46
93,Shubarkuduk,49.1447,56.4872,17.38,64,0,9.31,KZ,clear sky,2021-12-13 04:53:03
94,Vaini,-21.2,-175.2,84.36,79,40,11.5,TO,light rain,2021-12-13 04:46:58
95,Cabedelo,-6.9811,-34.8339,75.87,79,72,11.16,BR,broken clouds,2021-12-13 04:47:17
96,San Patricio,28.017,-97.5169,64.26,78,15,4.76,US,few clouds,2021-12-13 04:47:02
97,Tuktoyaktuk,69.4541,-133.0374,-7.6,77,90,16.11,CA,light snow,2021-12-13 04:46:45
98,Sao Joao Da Barra,-21.6403,-41.0511,75.06,94,100,11.83,BR,overcast clouds,2021-12-13 04:47:47
99,Narsaq,60.9167,-46.05,17.82,74,97,7.29,GL,overcast clouds,2021-12-13 04:48:52
100,Comodoro Rivadavia,-45.8667,-67.5,55.26,82,100,9.22,AR,moderate rain,2021-12-13 04:45:25
101,Yellowknife,62.456,-114.3525,6.3,92,90,4.61,CA,light snow,2021-12-13 04:46:47
102,Norman Wells,65.282,-126.8329,-2.16,71,75,14.97,CA,light snow,2021-12-13 04:48:32
103,Tasiilaq,65.6145,-37.6368,33.96,86,100,2.08,GL,overcast clouds,2021-12-13 04:47:16
104,Nogales,31.3086,-110.9422,58.08,50,1,4.61,MX,clear sky,2021-12-13 04:53:04
105,Kovdor,67.5662,30.4758,24.1,95,100,6.15,RU,overcast clouds,2021-12-13 04:53:05
106,Bambous Virieux,-20.3428,57.7575,82.22,74,75,5.75,MU,broken clouds,2021-12-13 04:46:52
107,Cap Malheureux,-19.9842,57.6142,82.47,62,5,10.0,MU,clear sky,2021-12-13 04:53:05
108,Castro,-24.7911,-50.0119,63.61,80,98,3.98,BR,overcast clouds,2021-12-13 04:47:31
109,Peace River,56.2501,-117.286,5.31,85,90,16.11,CA,light snow,2021-12-13 04:42:59
110,Port Blair,11.6667,92.75,84.24,65,40,11.5,IN,scattered clouds,2021-12-13 04:46:06
111,Hurup,56.7494,8.4195,43.7,92,91,10.58,DK,overcast clouds,2021-12-13 04:53:06
112,Bandarbeyla,9.4942,50.8122,78.22,70,0,21.99,SO,clear sky,2021-12-13 04:53:06
113,Luderitz,-26.6481,15.1594,61.99,72,3,11.65,NA,clear sky,2021-12-13 04:47:29
114,Mundo Nuevo,18.7,-95.5,73.53,84,100,13.96,MX,overcast clouds,2021-12-13 04:53:07
115,Port Hedland,-20.3167,118.5667,95.05,52,1,17.27,AU,clear sky,2021-12-13 04:53:07
116,Ust-Maya,60.4167,134.5333,-32.08,99,60,0.96,RU,broken clouds,2021-12-13 04:48:48
117,Gizo,-8.103,156.8419,85.5,73,34,11.12,SB,light rain,2021-12-13 04:49:48
118,Thompson,55.7435,-97.8558,-0.24,85,75,3.44,CA,light snow,2021-12-13 04:46:44
119,Lavra,41.2594,-8.7185,54.21,85,0,16.11,PT,clear sky,2021-12-13 04:53:08
120,Kununurra,-15.7667,128.7333,105.78,27,76,5.75,AU,broken clouds,2021-12-13 04:46:49
121,East London,-33.0153,27.9116,70.74,78,0,3.44,ZA,clear sky,2021-12-13 04:45:21
122,Borovskoy,53.8,64.15,8.67,86,62,7.72,KZ,broken clouds,2021-12-13 04:53:08
123,Pavlogradka,54.2024,73.5592,8.46,94,98,9.89,RU,overcast clouds,2021-12-13 04:53:09
124,Fiumicino,41.7675,12.2291,45.07,72,0,4.61,IT,clear sky,2021-12-13 04:53:09
125,Hawalli,29.2833,47.9972,57.56,64,0,3.44,KW,clear sky,2021-12-13 04:53:09
126,Marsh Harbour,26.5412,-77.0636,75.97,76,4,11.74,BS,clear sky,2021-12-13 04:53:10
127,Marin,38.0666,-122.7344,53.35,94,90,3.0,US,light rain,2021-12-13 04:53:10
128,Samarinda,-0.5,117.15,85.6,65,96,4.03,ID,overcast clouds,2021-12-13 04:53:10
129,Rovaniemi,66.5,25.7167,29.61,100,90,9.22,FI,light snow,2021-12-13 04:53:11
130,Salinopolis,-0.6136,-47.3561,80.58,81,68,10.36,BR,broken clouds,2021-12-13 04:47:24
131,Razdolnoye,43.55,131.9167,19.81,35,5,7.7,RU,clear sky,2021-12-13 04:53:11
132,Marzuq,14.4,46.4667,58.03,52,0,5.01,YE,clear sky,2021-12-13 04:53:11
133,Golden,39.7555,-105.2211,49.69,34,1,3.0,US,clear sky,2021-12-13 04:50:01
134,Tsiroanomandidy,-18.7667,46.0333,77.36,47,85,7.96,MG,overcast clouds,2021-12-13 04:53:12
135,Hobart,-42.8794,147.3294,82.02,57,75,1.99,AU,broken clouds,2021-12-13 04:47:03
136,Senneterre,48.3835,-77.2328,35.82,85,100,11.99,CA,overcast clouds,2021-12-13 04:53:12
137,Dryden,49.7833,-92.7503,30.49,93,90,5.75,CA,light snow,2021-12-13 04:50:41
138,Kruisfontein,-34.0033,24.7314,66.88,98,100,4.38,ZA,light rain,2021-12-13 04:47:02
139,Nador,35.174,-2.9287,59.25,88,40,3.44,MA,scattered clouds,2021-12-13 04:46:55
140,Nikolskoye,59.7035,30.7861,26.02,98,100,3.67,RU,snow,2021-12-13 04:47:37
141,Chacabuco,-34.6417,-60.4739,62.64,92,51,5.57,AR,broken clouds,2021-12-13 04:48:53
142,Namatanai,-3.6667,152.4333,86.4,67,97,6.53,PG,overcast clouds,2021-12-13 04:47:27
143,Gladstone,-23.85,151.25,87.78,48,40,16.11,AU,scattered clouds,2021-12-13 04:53:14
144,Berlevag,70.8578,29.0864,33.8,95,96,13.89,NO,light snow,2021-12-13 04:49:04
145,Ilulissat,69.2167,-51.1,15.82,67,46,1.14,GL,scattered clouds,2021-12-13 04:47:31
146,Airai,-8.9266,125.4092,73.4,69,82,1.5,TL,broken clouds,2021-12-13 04:46:56
147,Lebu,-37.6167,-73.65,49.93,86,83,8.43,CL,broken clouds,2021-12-13 04:47:04
148,Bluff,-46.6,168.3333,61.81,75,55,16.22,NZ,broken clouds,2021-12-13 04:46:56
149,Frunze,48.6686,38.7544,32.0,59,100,16.89,UA,overcast clouds,2021-12-13 04:53:14
150,Sur,22.5667,59.5289,75.56,54,30,9.93,OM,scattered clouds,2021-12-13 04:53:15
151,Teruel,40.6667,-0.6667,35.56,52,96,3.31,ES,overcast clouds,2021-12-13 04:53:15
152,Pryazha,61.6926,33.6216,16.83,98,100,1.74,RU,light snow,2021-12-13 04:53:15
153,Pevek,69.7008,170.3133,-32.64,96,10,2.37,RU,clear sky,2021-12-13 04:47:39
154,Tongchuan,35.0806,109.0897,40.5,43,6,4.72,CN,clear sky,2021-12-13 04:53:16
155,Waipawa,-41.4122,175.5153,68.45,80,100,5.19,NZ,overcast clouds,2021-12-13 04:49:05
156,Umm Lajj,25.0213,37.2685,75.56,28,100,4.54,SA,overcast clouds,2021-12-13 04:53:16
157,Balakhninskiy,58.0106,114.2769,1.08,85,100,5.68,RU,overcast clouds,2021-12-13 04:53:17
158,Kamenka,51.3223,42.7678,18.75,55,100,13.15,RU,overcast clouds,2021-12-13 04:53:17
159,Maple Creek,49.9168,-109.4848,32.41,68,31,4.61,CA,scattered clouds,2021-12-13 04:53:17
160,Belmonte,-15.8631,-38.8828,75.7,87,89,6.31,BR,overcast clouds,2021-12-13 04:49:21
161,Inirida,3.8653,-67.9239,72.99,92,88,1.63,CO,overcast clouds,2021-12-13 04:53:18
162,Yeppoon,-23.1333,150.7333,87.58,60,8,16.67,AU,clear sky,2021-12-13 04:53:18
163,Dicabisagan,17.0818,122.4157,78.87,69,74,11.27,PH,broken clouds,2021-12-13 04:53:18
164,Maniitsoq,65.4167,-52.9,20.91,60,4,6.11,GL,clear sky,2021-12-13 04:53:19
165,Ituporanga,-27.4144,-49.6025,67.53,98,78,1.48,BR,broken clouds,2021-12-13 04:53:19
166,Okhotsk,59.3833,143.3,5.77,74,100,16.37,RU,overcast clouds,2021-12-13 04:53:19
167,Port Hardy,50.6996,-127.4199,39.2,86,75,8.05,CA,broken clouds,2021-12-13 04:47:01
168,Senanga,-16.1167,23.2667,74.98,59,82,6.82,ZM,broken clouds,2021-12-13 04:49:41
169,Lompoc,34.6391,-120.4579,51.78,85,1,5.75,US,clear sky,2021-12-13 04:46:50
170,Machhlishahr,25.6833,82.4167,60.75,38,1,1.12,IN,clear sky,2021-12-13 04:53:20
171,Tomatlan,19.9333,-105.25,71.42,92,16,3.74,MX,few clouds,2021-12-13 04:47:24
172,Bahia De Caraquez,-0.6,-80.4167,75.38,93,99,3.56,EC,light rain,2021-12-13 04:53:20
173,Tiznit,29.5833,-9.5,58.89,42,95,6.31,MA,overcast clouds,2021-12-13 04:49:40
174,Montlucon,46.3333,2.6,39.49,93,60,4.29,FR,broken clouds,2021-12-13 04:53:21
175,Manta,-0.95,-80.7333,74.98,88,90,2.3,EC,moderate rain,2021-12-13 04:48:08
176,Anadyr,64.75,177.4833,5.5,78,75,26.84,RU,broken clouds,2021-12-13 04:53:21
177,Namibe,-15.1961,12.1522,69.42,82,100,2.06,AO,overcast clouds,2021-12-13 04:47:44
178,Itarema,-2.9248,-39.9167,80.56,77,94,13.29,BR,overcast clouds,2021-12-13 04:53:22
179,Barrow,71.2906,-156.7887,-14.78,76,1,10.36,US,clear sky,2021-12-13 04:47:36
180,Saint-Pierre,-21.3393,55.4781,82.29,61,0,23.02,RE,clear sky,2021-12-13 04:49:59
181,Akyab,20.15,92.9,80.49,47,2,5.12,MM,clear sky,2021-12-13 04:48:06
182,Naze,28.3667,129.4833,59.92,63,95,16.06,JP,overcast clouds,2021-12-13 04:46:44
183,Ukiah,39.1502,-123.2078,52.43,96,20,3.44,US,few clouds,2021-12-13 04:53:22
184,Pisco,-13.7,-76.2167,64.45,94,0,10.36,PE,clear sky,2021-12-13 04:48:47
185,Tabuk,17.4189,121.4443,74.12,75,100,7.31,PH,overcast clouds,2021-12-13 04:53:23
186,Concepcion,-36.827,-73.0498,53.4,76,0,10.36,CL,clear sky,2021-12-13 04:52:00
187,Sao Filipe,14.8961,-24.4956,74.66,72,84,8.32,CV,broken clouds,2021-12-13 04:47:41
188,Itaquyry,-24.9333,-55.2167,77.22,94,78,3.06,PY,broken clouds,2021-12-13 04:53:23
189,Goundam,16.4145,-3.6708,70.27,14,44,8.03,ML,scattered clouds,2021-12-13 04:53:24
190,Gorele,41.0308,39.0031,53.04,46,51,8.39,TR,broken clouds,2021-12-13 04:53:24
191,Dikson,73.5069,80.5464,-16.42,95,84,18.75,RU,broken clouds,2021-12-13 04:47:34
192,San Cristobal,7.7669,-72.225,68.18,91,73,2.86,VE,broken clouds,2021-12-13 04:47:43
193,Graham,47.0529,-122.2943,37.89,94,1,0.0,US,clear sky,2021-12-13 04:53:25
194,Teguise,29.0605,-13.564,55.62,82,0,9.22,ES,clear sky,2021-12-13 04:53:25
195,Jalingo,8.8833,11.3667,73.29,27,10,4.14,NG,clear sky,2021-12-13 04:53:26
196,Athabasca,54.7169,-113.2854,10.22,97,72,4.16,CA,broken clouds,2021-12-13 04:53:26
197,Ponta Do Sol,32.6667,-17.1,63.72,78,41,2.33,PT,scattered clouds,2021-12-13 04:48:00
198,Grenfell,-33.9,148.1667,82.45,24,0,6.55,AU,clear sky,2021-12-13 04:53:26
199,Caraz,-9.0486,-77.81,57.24,88,73,1.16,PE,broken clouds,2021-12-13 04:53:27
200,Quatre Cocos,-20.2078,57.7625,82.09,69,13,12.91,MU,few clouds,2021-12-13 04:50:09
201,Santa Rosa,14.3122,121.1114,87.78,68,96,17.29,PH,overcast clouds,2021-12-13 04:53:27
202,Manitowoc,44.0667,-87.8001,42.82,64,1,3.0,US,clear sky,2021-12-13 04:53:27
203,Shu,43.5983,73.7614,40.35,64,99,5.23,KZ,overcast clouds,2021-12-13 04:53:28
204,Safaga,26.7292,33.9365,62.55,50,100,2.1,EG,overcast clouds,2021-12-13 04:53:28
205,Morlaix,48.5833,-4.0,50.32,93,90,11.5,FR,overcast clouds,2021-12-13 04:50:43
206,Sofikon,37.8,23.05,49.3,74,74,7.16,GR,broken clouds,2021-12-13 04:53:28
207,Port-Gentil,-0.7193,8.7815,79.52,87,100,10.94,GA,overcast clouds,2021-12-13 04:53:29
208,Korla,41.7597,86.1469,25.29,53,11,3.29,CN,few clouds,2021-12-13 04:48:56
209,Faanui,-16.4833,-151.75,81.16,72,100,8.7,PF,light rain,2021-12-13 04:48:24
210,Ponta Delgada,37.7333,-25.6667,57.51,62,40,9.22,PT,scattered clouds,2021-12-13 04:49:26
211,Skibbereen,51.55,-9.2667,44.4,82,100,2.62,IE,overcast clouds,2021-12-13 04:49:27
212,Mehamn,71.0357,27.8492,44.78,90,100,4.79,NO,overcast clouds,2021-12-13 04:53:30
213,Mwinilunga,-11.7358,24.4293,63.46,96,84,3.06,ZM,light rain,2021-12-13 04:53:30
214,Leh,34.1667,77.5833,14.74,68,71,2.26,IN,broken clouds,2021-12-13 04:53:30
215,Stornoway,58.2093,-6.3865,42.76,86,20,5.99,GB,few clouds,2021-12-13 04:53:31
216,Huarmey,-10.0681,-78.1522,66.96,86,55,6.91,PE,broken clouds,2021-12-13 04:49:33
217,Biak,-0.9131,122.8766,85.08,68,59,3.31,ID,broken clouds,2021-12-13 04:48:21
218,Roebourne,-20.7833,117.1333,100.99,21,3,14.74,AU,clear sky,2021-12-13 04:53:31
219,Mongo,12.1844,18.693,70.0,18,48,4.38,TD,scattered clouds,2021-12-13 04:53:31
220,Vila Franca Do Campo,37.7167,-25.4333,57.2,57,100,13.0,PT,overcast clouds,2021-12-13 04:49:26
221,Clyde River,70.4692,-68.5914,-18.54,99,91,4.85,CA,overcast clouds,2021-12-13 04:49:49
222,Kodiak,57.79,-152.4072,11.71,62,40,17.27,US,scattered clouds,2021-12-13 04:47:40
223,Beringovskiy,63.05,179.3167,6.46,96,100,9.08,RU,light snow,2021-12-13 04:49:06
224,Warman,52.3168,-106.5679,21.11,86,75,3.44,CA,broken clouds,2021-12-13 04:53:32
225,Kathmandu,27.7167,85.3167,55.62,62,20,2.3,NP,haze,2021-12-13 04:45:54
226,Vila Velha,-20.3297,-40.2925,76.95,87,75,4.0,BR,broken clouds,2021-12-13 04:43:56
227,Mogadishu,2.0371,45.3438,81.14,73,87,17.81,SO,overcast clouds,2021-12-13 04:48:44
228,Yatou,37.15,122.3833,39.04,40,12,7.09,CN,few clouds,2021-12-13 04:53:33
229,Uray,60.1247,64.7758,7.16,95,93,3.0,RU,overcast clouds,2021-12-13 04:47:58
230,Arraial Do Cabo,-22.9661,-42.0278,74.98,95,100,10.25,BR,overcast clouds,2021-12-13 04:47:32
231,Upernavik,72.7868,-56.1549,6.85,93,100,12.48,GL,overcast clouds,2021-12-13 04:47:30
232,Souillac,-20.5167,57.5167,82.36,74,75,5.75,MU,broken clouds,2021-12-13 04:49:28
233,Muli,2.9167,73.5667,80.64,75,66,3.96,MV,broken clouds,2021-12-13 04:53:34
234,Haines Junction,60.7522,-137.5108,-7.65,59,100,9.22,CA,overcast clouds,2021-12-13 04:44:17
235,Arlit,18.7369,7.3853,65.7,9,94,7.76,NE,overcast clouds,2021-12-13 04:53:34
236,Dingle,10.9995,122.6711,81.99,82,84,12.19,PH,broken clouds,2021-12-13 04:47:00
237,Selma,36.5708,-119.6121,54.93,78,100,7.25,US,overcast clouds,2021-12-13 04:53:35
238,Awjilah,29.1081,21.2869,51.58,79,1,5.84,LY,clear sky,2021-12-13 04:50:01
239,Salalah,17.0151,54.0924,71.69,46,0,5.75,OM,clear sky,2021-12-13 04:46:52
240,Fairbanks,64.8378,-147.7164,-12.78,71,1,0.0,US,light snow,2021-12-13 04:45:16
241,Batemans Bay,-35.7167,150.1833,88.2,60,1,7.16,AU,clear sky,2021-12-13 04:53:35
242,Qandala,11.472,49.8728,77.14,65,13,10.87,SO,few clouds,2021-12-13 04:53:36
243,Tambopata,-12.7333,-69.1833,73.47,96,100,3.56,PE,overcast clouds,2021-12-13 04:48:41
244,Radhanpur,23.8333,71.6,74.3,29,0,3.24,IN,clear sky,2021-12-13 04:53:36
245,Severnoye,56.3491,78.3619,10.51,95,100,4.41,RU,light snow,2021-12-13 04:53:36
246,Karaidel,55.8337,56.9069,5.97,95,78,3.74,RU,broken clouds,2021-12-13 04:53:37
247,Road Town,18.4167,-64.6167,78.89,76,13,22.77,VG,few clouds,2021-12-13 04:49:50
248,Auki,-8.7676,160.7034,82.08,87,87,11.25,SB,overcast clouds,2021-12-13 04:53:37
249,Coquimbo,-29.9533,-71.3436,58.73,82,0,2.3,CL,clear sky,2021-12-13 04:46:21
250,Zinder,13.8072,8.9881,63.34,12,40,10.83,NE,scattered clouds,2021-12-13 04:53:38
251,Viedma,-40.8135,-62.9967,60.44,53,72,7.9,AR,broken clouds,2021-12-13 04:48:23
252,Liverpool,53.4106,-2.9779,52.14,84,75,10.36,GB,broken clouds,2021-12-13 04:53:38
253,Severo-Kurilsk,50.6789,156.125,32.41,84,55,3.76,RU,broken clouds,2021-12-13 04:49:17
254,Pringsewu,-5.3582,104.9744,89.26,56,64,2.64,ID,broken clouds,2021-12-13 04:53:38
255,Mangrol,21.1167,70.1167,78.06,47,0,7.27,IN,clear sky,2021-12-13 04:53:39
256,Navolato,24.7672,-107.6944,66.13,87,43,4.23,MX,scattered clouds,2021-12-13 04:53:39
257,Geraldton,-28.7667,114.6,81.01,39,0,13.8,AU,clear sky,2021-12-13 04:48:51
258,Saldanha,-33.0117,17.9442,62.65,91,5,14.18,ZA,clear sky,2021-12-13 04:47:05
259,Bilma,18.6853,12.9164,59.07,14,13,8.32,NE,few clouds,2021-12-13 04:53:40
260,Norden,53.6,7.2,50.92,97,100,13.35,DE,overcast clouds,2021-12-13 04:53:40
261,Hasaki,35.7333,140.8333,57.29,30,44,16.4,JP,scattered clouds,2021-12-13 04:48:34
262,Chkalovsk,56.7647,43.2433,17.19,88,93,9.82,RU,overcast clouds,2021-12-13 04:53:41
263,Agirish,61.9247,63.0231,3.54,97,86,2.01,RU,overcast clouds,2021-12-13 04:53:41
264,Ulladulla,-35.35,150.4667,83.77,62,5,7.2,AU,clear sky,2021-12-13 04:49:05
265,Pangnirtung,66.1451,-65.7125,-5.44,71,82,6.46,CA,broken clouds,2021-12-13 04:47:55
266,Cidreira,-30.1811,-50.2056,71.01,95,3,10.29,BR,clear sky,2021-12-13 04:47:45
267,Makakilo City,21.3469,-158.0858,77.32,67,40,8.05,US,scattered clouds,2021-12-13 04:47:00
268,Hualmay,-11.0964,-77.6139,66.09,91,9,6.73,PE,clear sky,2021-12-13 04:49:14
269,Bourges,47.25,2.4167,44.92,93,44,6.24,FR,scattered clouds,2021-12-13 04:53:42
270,Otaru,43.1894,141.0022,34.03,89,100,32.61,JP,snow,2021-12-13 04:53:42
271,Araouane,18.9048,-3.5265,66.25,11,85,10.25,ML,overcast clouds,2021-12-13 04:53:42
272,Broome,42.2506,-75.833,38.48,61,1,1.99,US,clear sky,2021-12-13 04:48:33
273,Savyntsi,49.4026,37.0627,32.59,59,100,13.04,UA,overcast clouds,2021-12-13 04:53:43
274,Vestmannaeyjar,63.4427,-20.2734,43.66,73,100,14.56,IS,overcast clouds,2021-12-13 04:46:43
275,Aspe,38.3451,-0.7672,52.72,84,20,3.0,ES,few clouds,2021-12-13 04:53:43
276,La Palma,33.8464,-118.0467,56.82,76,0,3.13,US,clear sky,2021-12-13 04:53:43
277,Ambunti,-4.2365,142.8448,90.18,59,96,0.83,PG,overcast clouds,2021-12-13 04:53:44
278,Kavieng,-2.5744,150.7967,82.74,78,90,11.27,PG,moderate rain,2021-12-13 04:49:01
279,Glarus,47.0406,9.068,39.88,92,80,3.85,CH,broken clouds,2021-12-13 04:53:44
280,Qaqortoq,60.7167,-46.0333,18.12,75,99,8.16,GL,overcast clouds,2021-12-13 04:53:45
281,Nanortalik,60.1432,-45.2371,27.01,75,100,15.7,GL,overcast clouds,2021-12-13 04:48:13
282,Kaa-Khem,51.6833,94.7333,4.66,95,99,1.74,RU,overcast clouds,2021-12-13 04:53:45
283,Princeton,25.5384,-80.4089,78.03,85,1,8.05,US,clear sky,2021-12-13 04:50:31
284,North Bend,43.4065,-124.2243,44.51,97,90,9.22,US,overcast clouds,2021-12-13 04:53:45
285,Narasannapeta,18.4167,84.05,77.49,64,93,10.25,IN,overcast clouds,2021-12-13 04:53:46
286,Sao Domingos,-13.3983,-46.3183,70.92,91,100,4.68,BR,light rain,2021-12-13 04:53:46
287,Iwanai,42.9744,140.5089,28.94,82,100,23.26,JP,light snow,2021-12-13 04:53:46
288,Puerto Berrio,6.4916,-74.4033,71.37,96,74,1.45,CO,broken clouds,2021-12-13 04:53:47
289,Barcelos,41.5388,-8.6151,53.92,81,8,5.37,PT,clear sky,2021-12-13 04:53:47
290,Nemuro,43.3236,145.575,34.23,55,37,32.84,JP,scattered clouds,2021-12-13 04:49:52
291,Nioro,13.35,-15.75,71.74,53,82,5.17,GM,broken clouds,2021-12-13 04:46:45
292,Lorengau,-2.0226,147.2712,84.6,78,100,12.75,PG,overcast clouds,2021-12-13 04:48:15
293,Sao Felix Do Xingu,-6.6447,-51.995,72.39,99,100,1.54,BR,overcast clouds,2021-12-13 04:53:48
294,Ust-Nera,64.5667,143.2,-32.66,100,100,2.17,RU,overcast clouds,2021-12-13 04:53:48
295,Svetlaya,46.5389,138.3297,21.78,53,100,14.61,RU,overcast clouds,2021-12-13 04:47:14
296,Husavik,66.0449,-17.3389,33.71,78,92,16.33,IS,overcast clouds,2021-12-13 04:48:16
297,Borba,-4.3878,-59.5939,74.53,97,100,2.26,BR,overcast clouds,2021-12-13 04:53:49
298,Jizan,17.3333,42.6667,72.54,31,0,4.36,SA,clear sky,2021-12-13 04:53:49
299,Lianzhou,24.7811,112.3825,62.83,55,43,5.17,CN,scattered clouds,2021-12-13 04:53:49
300,Bilibino,68.0546,166.4372,-32.3,92,26,4.9,RU,scattered clouds,2021-12-13 04:48:04
301,Broken Hill,-31.95,141.4333,91.11,11,66,10.36,AU,broken clouds,2021-12-13 04:49:09
302,Palana,59.1167,159.9667,8.37,94,100,20.56,RU,overcast clouds,2021-12-13 04:53:50
303,Maroantsetra,-15.4333,49.7333,77.34,77,76,2.37,MG,broken clouds,2021-12-13 04:53:50
304,Nizhniy Tsasuchey,50.5167,115.1333,24.44,58,100,10.92,RU,overcast clouds,2021-12-13 04:53:50
305,Ahuimanu,21.4447,-157.8378,76.75,73,66,20.62,US,broken clouds,2021-12-13 04:53:51
306,San Vicente De Chucuri,6.881,-73.4098,72.77,91,98,2.68,CO,overcast clouds,2021-12-13 04:53:51
307,Den Helder,52.9599,4.7593,51.98,89,90,15.99,NL,overcast clouds,2021-12-13 04:53:51
308,Bray,53.2028,-6.0983,45.07,86,100,4.41,IE,overcast clouds,2021-12-13 04:53:52
309,Sabang,5.8933,95.3214,82.04,73,35,18.01,ID,scattered clouds,2021-12-13 04:53:52
310,Kande,9.9578,1.0447,72.59,23,49,3.53,TG,scattered clouds,2021-12-13 04:53:53
311,Lerwick,60.1545,-1.1494,48.2,74,100,45.39,GB,overcast clouds,2021-12-13 04:53:53
312,Muros,42.7762,-9.0603,52.3,81,54,7.16,ES,broken clouds,2021-12-13 04:49:56
313,Esperance,-33.8667,121.9,73.24,47,87,13.09,AU,overcast clouds,2021-12-13 04:47:48
314,Tokmak,47.2514,35.7058,37.76,77,100,11.56,UA,overcast clouds,2021-12-13 04:53:53
315,Yulara,-25.2406,130.9889,91.24,25,35,10.36,AU,scattered clouds,2021-12-13 04:47:17
316,Nongpoh,25.9,91.8833,63.97,38,0,4.41,IN,clear sky,2021-12-13 04:53:54
317,Tateyama,34.9833,139.8667,59.02,47,28,10.69,JP,scattered clouds,2021-12-13 04:49:16
318,Koppang,61.5706,11.0555,21.13,97,99,2.04,NO,overcast clouds,2021-12-13 04:53:54
319,Faya,18.3851,42.4509,42.91,30,0,3.04,SA,clear sky,2021-12-13 04:49:35
320,Barra Patuca,15.8,-84.2833,75.76,87,3,7.96,HN,clear sky,2021-12-13 04:53:55
321,Padang,-0.9492,100.3543,86.05,85,100,4.07,ID,overcast clouds,2021-12-13 04:48:11
322,Lusambo,-4.9667,23.45,72.12,96,100,1.14,CD,overcast clouds,2021-12-13 04:53:55
323,Duluth,46.7833,-92.1066,36.18,66,40,5.01,US,scattered clouds,2021-12-13 04:50:29
324,Lagoa,39.05,-27.9833,58.37,54,100,16.15,PT,overcast clouds,2021-12-13 04:48:18
325,Sangar,63.9242,127.4739,-30.6,97,94,3.2,RU,overcast clouds,2021-12-13 04:53:56
326,Hohoe,7.1518,0.4736,74.37,82,13,2.51,GH,few clouds,2021-12-13 04:53:56
327,Komsomolskiy,40.4272,71.7189,38.12,60,100,2.3,UZ,haze,2021-12-13 04:48:10
328,Manokwari,-0.8667,134.0833,84.38,74,86,5.91,ID,overcast clouds,2021-12-13 04:51:38
329,Tiksi,71.6872,128.8694,-19.82,100,100,1.01,RU,overcast clouds,2021-12-13 04:46:56
330,Buraydah,26.326,43.975,46.85,29,100,3.65,SA,overcast clouds,2021-12-13 04:53:57
331,Buarcos,40.166,-8.8768,57.67,84,10,8.52,PT,clear sky,2021-12-13 04:53:57
332,Dharchula,29.85,80.5333,61.59,21,100,4.0,IN,overcast clouds,2021-12-13 04:53:58
333,Homestead,25.4687,-80.4776,78.03,85,1,8.05,US,clear sky,2021-12-13 04:53:58
334,San Pedro De Macoris,18.4616,-69.2972,77.49,93,1,9.33,DO,clear sky,2021-12-13 04:53:58
335,Vostok,46.4856,135.8833,4.66,86,100,8.25,RU,overcast clouds,2021-12-13 04:49:02
336,Zharkent,44.1628,80.0,35.15,34,45,1.57,KZ,scattered clouds,2021-12-13 04:53:59
337,Tecalitlan,19.4667,-103.3,59.0,76,6,1.52,MX,clear sky,2021-12-13 04:53:59
338,Gazanjyk,39.2446,55.5154,41.36,74,61,4.99,TM,broken clouds,2021-12-13 04:53:59
339,Albox,37.3886,-2.1495,48.67,85,0,1.3,ES,clear sky,2021-12-13 04:52:20
340,Egvekinot,66.3167,-179.1667,-20.31,76,33,6.82,RU,scattered clouds,2021-12-13 04:54:00
341,Kaitangata,-46.2817,169.8464,62.92,71,37,7.36,NZ,scattered clouds,2021-12-13 04:47:21
342,Muravlenko,63.7898,74.523,-22.09,98,11,6.64,RU,few clouds,2021-12-13 04:54:00
343,Hami,42.8,93.45,25.61,38,32,2.68,CN,scattered clouds,2021-12-13 04:48:57
344,Shetpe,44.1667,52.1167,20.97,75,5,8.14,KZ,clear sky,2021-12-13 04:54:01
345,Tayginka,55.6244,60.5076,15.76,67,42,7.05,RU,scattered clouds,2021-12-13 04:54:01
346,Nome,64.5011,-165.4064,-19.84,75,4,5.55,US,clear sky,2021-12-13 04:54:01
347,Gushikawa,26.3544,127.8686,67.23,73,90,14.97,JP,overcast clouds,2021-12-13 04:54:02
348,Pemangkat,1.1667,108.9667,82.49,76,78,6.35,ID,broken clouds,2021-12-13 04:47:25
349,Saint Anthony,45.0205,-93.218,33.73,75,1,3.0,US,clear sky,2021-12-13 04:48:29
350,Kawalu,-7.3817,108.2082,86.9,57,98,5.5,ID,overcast clouds,2021-12-13 04:54:02
351,Russell,32.3502,-85.1999,45.63,93,1,0.0,US,clear sky,2021-12-13 04:47:41
352,Kamaishi,39.2667,141.8833,31.15,64,47,27.16,JP,scattered clouds,2021-12-13 04:54:03
353,Phangnga,8.4509,98.5298,86.04,53,55,7.0,TH,broken clouds,2021-12-13 04:54:03
354,San Rafael,-34.6177,-68.3301,63.64,43,10,4.38,AR,clear sky,2021-12-13 04:50:37
355,Dudinka,69.4058,86.1778,-27.38,95,32,4.76,RU,scattered clouds,2021-12-13 04:49:50
356,Amlagora,22.8333,87.3333,73.35,36,14,5.35,IN,few clouds,2021-12-13 04:54:03
357,Kyakhta,50.3508,106.4494,8.69,75,50,0.83,RU,scattered clouds,2021-12-13 04:54:04
358,Mattru,7.6244,-11.8332,73.92,94,7,0.22,SL,clear sky,2021-12-13 04:54:04
359,Krasnyy Chikoy,50.3643,108.7512,16.2,68,46,2.26,RU,scattered clouds,2021-12-13 04:54:04
360,Touros,-5.1989,-35.4608,81.5,77,44,13.27,BR,scattered clouds,2021-12-13 04:47:10
361,Roald,62.5833,6.1333,44.74,65,40,12.66,NO,scattered clouds,2021-12-13 04:54:05
362,Zhigansk,66.7697,123.3711,-33.72,99,83,11.95,RU,broken clouds,2021-12-13 04:49:09
363,Craidorolt,47.6167,22.7,38.08,93,90,4.61,RO,overcast clouds,2021-12-13 04:54:05
364,Hervey Bay,-25.2986,152.8535,85.03,61,27,5.99,AU,scattered clouds,2021-12-13 04:48:15
365,Ahipara,-35.1667,173.1667,67.32,96,100,7.14,NZ,light rain,2021-12-13 04:49:53
366,Tautira,-17.7333,-149.15,82.42,76,15,10.36,PF,light rain,2021-12-13 04:48:59
367,Novaya Lyalya,59.055,60.599,13.93,79,84,5.73,RU,broken clouds,2021-12-13 04:54:06
368,Cedeno,7.0464,-72.1634,73.27,78,96,3.53,CO,overcast clouds,2021-12-13 04:54:06
369,Mantua,45.1667,10.7833,42.82,83,85,1.03,IT,overcast clouds,2021-12-13 04:54:07
370,Ambulu,-8.345,113.6058,86.25,65,67,7.2,ID,broken clouds,2021-12-13 04:54:07
371,Nogliki,51.8333,143.1667,25.2,86,97,23.8,RU,overcast clouds,2021-12-13 04:54:07
372,Kazanskoye,55.6448,69.235,8.8,91,55,8.81,RU,broken clouds,2021-12-13 04:54:08
373,Kahului,20.8947,-156.47,75.22,84,40,13.8,US,scattered clouds,2021-12-13 04:49:56
374,Bhag,29.0415,67.8239,67.75,19,0,0.96,PK,clear sky,2021-12-13 04:49:28
375,Igrim,63.1906,64.4162,-3.05,100,87,0.96,RU,overcast clouds,2021-12-13 04:54:08
376,Boa Vista,2.8197,-60.6733,76.98,83,40,10.36,BR,scattered clouds,2021-12-13 04:54:08
377,Kloulklubed,7.0419,134.2556,83.26,80,98,14.85,PW,overcast clouds,2021-12-13 04:54:09
378,Urucara,-2.5364,-57.76,74.08,97,99,1.14,BR,light rain,2021-12-13 04:47:48
379,Sawakin,19.1059,37.3321,81.27,68,41,14.47,SD,scattered clouds,2021-12-13 04:46:57
380,Putyatino,54.16,41.1169,23.0,75,100,11.07,RU,overcast clouds,2021-12-13 04:54:09
381,Cerrito,6.8432,-72.694,51.19,98,100,0.89,CO,overcast clouds,2021-12-13 04:54:10
382,Grand Gaube,-20.0064,57.6608,82.38,64,5,8.99,MU,clear sky,2021-12-13 04:48:37
383,Bardiyah,31.7561,25.0865,57.42,79,0,10.29,LY,clear sky,2021-12-13 04:54:10
384,Babstovo,48.1167,132.4833,6.55,76,33,9.84,RU,scattered clouds,2021-12-13 04:54:10
385,Muromtsevo,56.3724,75.2418,12.02,95,98,6.82,RU,overcast clouds,2021-12-13 04:54:11
386,Saskylakh,71.9167,114.0833,-44.59,100,76,2.98,RU,broken clouds,2021-12-13 04:46:51
387,Nieuw Amsterdam,5.8833,-55.0833,77.02,92,99,5.59,SR,overcast clouds,2021-12-13 04:54:11
388,Pimenta Bueno,-11.6725,-61.1936,74.19,99,100,3.78,BR,overcast clouds,2021-12-13 04:54:11
389,Anloga,5.7947,0.8973,82.62,83,66,8.9,GH,broken clouds,2021-12-13 04:54:12
390,Tagusao,9.1924,117.8141,85.19,71,71,7.67,PH,broken clouds,2021-12-13 04:54:12
391,Humberto De Campos,-2.5983,-43.4611,78.64,84,97,6.29,BR,overcast clouds,2021-12-13 04:54:13
392,Palmer,42.1584,-72.3287,39.47,57,1,4.0,US,clear sky,2021-12-13 04:47:47
393,Codrington,-38.2667,141.9667,66.04,65,100,18.03,AU,overcast clouds,2021-12-13 04:48:06
394,Galesong,-5.3166,119.3661,86.02,71,96,9.51,ID,overcast clouds,2021-12-13 04:54:13
395,Flinders,-34.5833,150.8552,75.18,62,3,7.7,AU,clear sky,2021-12-13 04:47:56
396,Whithorn,18.2604,-78.0378,76.26,89,0,4.45,JM,clear sky,2021-12-13 04:54:14
397,Aklavik,68.2191,-135.0107,-4.97,88,100,20.62,CA,overcast clouds,2021-12-13 04:49:13
398,Ambilobe,-13.2,49.05,85.06,48,1,4.32,MG,clear sky,2021-12-13 04:47:45
399,Rettikhovka,44.1683,132.7669,16.2,53,5,7.87,RU,clear sky,2021-12-13 04:54:15
400,Los Llanos De Aridane,28.6585,-17.9182,62.35,85,75,5.99,ES,broken clouds,2021-12-13 04:49:33
401,Balingasay,16.3573,119.8564,82.0,65,94,7.34,PH,overcast clouds,2021-12-13 04:54:15
402,Sainte-Marie,-20.8968,55.5496,82.78,65,0,23.02,RE,clear sky,2021-12-13 04:54:16
403,Kalianget,-7.05,113.9333,84.96,71,87,3.0,ID,overcast clouds,2021-12-13 04:54:16
404,Grand-Santi,4.25,-54.3833,73.06,100,100,1.86,GF,overcast clouds,2021-12-13 04:47:20
405,Grindavik,63.8424,-22.4338,39.67,100,75,13.8,IS,broken clouds,2021-12-13 04:48:32
406,Vanimo,-2.6741,141.3028,84.58,78,98,5.44,PG,moderate rain,2021-12-13 04:54:16
407,Ouadda,8.0777,22.4007,70.07,37,50,5.21,CF,scattered clouds,2021-12-13 04:54:17
408,Nurota,40.5614,65.6886,39.29,91,100,7.45,UZ,overcast clouds,2021-12-13 04:54:17
409,Wellington,-41.2866,174.7756,71.06,82,75,1.01,NZ,broken clouds,2021-12-13 04:47:46
410,Okahandja,-21.9833,16.9167,68.83,41,3,1.14,NA,clear sky,2021-12-13 04:54:18
411,Lac Du Bonnet,50.2536,-96.0612,32.59,84,81,8.97,CA,broken clouds,2021-12-13 04:54:18
412,Aykhal,66.0,111.5,-49.59,99,77,5.77,RU,broken clouds,2021-12-13 04:54:18
413,Chuy,-33.6971,-53.4616,63.55,87,14,6.13,UY,heavy intensity rain,2021-12-13 04:46:45
414,Miraflores,19.2167,-98.8083,59.04,70,34,1.79,MX,scattered clouds,2021-12-13 04:54:19
415,Ketchikan,55.3422,-131.6461,25.41,93,100,7.81,US,light snow,2021-12-13 04:54:19
416,Helong,42.5397,128.9972,24.71,38,0,6.15,CN,clear sky,2021-12-13 04:54:19
417,Swellendam,-34.0226,20.4417,64.15,86,91,4.03,ZA,light rain,2021-12-13 04:54:20
418,Linqiong,30.4159,103.4609,55.22,74,100,2.89,CN,overcast clouds,2021-12-13 04:54:20
419,Jacareacanga,-6.2222,-57.7528,73.94,99,100,2.19,BR,overcast clouds,2021-12-13 04:54:20
420,Ludvika,60.1496,15.1878,33.6,96,100,5.26,SE,overcast clouds,2021-12-13 04:54:21
421,Kandrian,-6.2167,149.55,83.1,79,95,4.12,PG,light rain,2021-12-13 04:54:21
422,Bafoulabe,13.8065,-10.8321,74.37,12,44,3.47,ML,scattered clouds,2021-12-13 04:54:21
423,Henties Bay,-22.116,14.2845,59.86,89,1,5.06,NA,clear sky,2021-12-13 04:54:22
424,Novikovo,51.1537,37.8879,30.69,51,100,11.59,RU,overcast clouds,2021-12-13 04:54:22
425,Batagay,67.6333,134.6333,-46.25,100,78,1.28,RU,broken clouds,2021-12-13 04:54:22
426,Mackay,-21.15,149.2,90.68,54,39,18.41,AU,scattered clouds,2021-12-13 04:51:13
427,Cabra,37.4725,-4.4421,51.39,81,0,1.01,ES,clear sky,2021-12-13 04:54:23
428,Pangai,-19.8,-174.35,82.51,65,20,12.66,TO,few clouds,2021-12-13 04:54:23
429,Dillon,34.4166,-79.3712,38.25,52,0,4.85,US,clear sky,2021-12-13 04:51:37
430,Cermik,38.1361,39.4493,46.06,48,72,3.2,TR,broken clouds,2021-12-13 04:54:23
431,Labuan,5.2767,115.2417,86.36,84,20,3.0,MY,few clouds,2021-12-13 04:54:24
432,Lake Cowichan,48.825,-124.0546,37.18,99,99,1.45,CA,overcast clouds,2021-12-13 04:50:41
433,Samandag,36.0842,35.9771,56.84,58,100,15.23,TR,overcast clouds,2021-12-13 04:54:24
434,Hobyo,5.3505,48.5268,80.38,71,18,22.28,SO,few clouds,2021-12-13 04:48:44
435,Chapais,49.7834,-74.8492,29.98,94,100,13.27,CA,light snow,2021-12-13 04:47:34
436,Verkhnevilyuysk,63.4453,120.3167,-16.62,96,100,6.58,RU,overcast clouds,2021-12-13 04:49:06
437,Nanakuli,21.3906,-158.1547,76.98,68,90,8.05,US,overcast clouds,2021-12-13 04:54:25
438,Aborlan,9.4352,118.5492,81.54,85,96,9.62,PH,overcast clouds,2021-12-13 04:54:25
439,Tirlyanskiy,54.2109,58.5806,12.69,82,55,4.14,RU,broken clouds,2021-12-13 04:54:25
440,Vilaka,57.1846,27.6722,30.33,92,96,4.65,LV,overcast clouds,2021-12-13 04:54:26
441,Orsha,54.5153,30.4053,33.91,99,100,4.79,BY,overcast clouds,2021-12-13 04:54:26
442,Macherla,16.4833,79.4333,79.03,65,100,8.66,IN,overcast clouds,2021-12-13 04:54:26
443,Mahibadhoo,3.7833,72.9667,80.49,78,99,8.08,MV,overcast clouds,2021-12-13 04:54:27
444,Jutai,-5.1833,-68.9,73.42,99,100,2.55,BR,overcast clouds,2021-12-13 04:54:27
445,Dauphin,51.1494,-100.0502,32.14,69,1,27.63,CA,clear sky,2021-12-13 04:54:27
446,Saint-Georges,12.0564,-61.7485,76.68,88,75,0.0,GD,broken clouds,2021-12-13 04:50:15
447,Waunakee,43.1919,-89.4557,42.08,62,92,5.99,US,overcast clouds,2021-12-13 04:54:28
448,Bustamante,26.5333,-100.5,54.05,35,85,7.2,MX,overcast clouds,2021-12-13 04:54:28
449,Qasigiannguit,68.8193,-51.1922,16.05,83,57,4.88,GL,broken clouds,2021-12-13 04:48:10
450,Shimanovsk,52.0,127.7,6.13,88,100,7.14,RU,overcast clouds,2021-12-13 04:54:29
451,San Policarpo,12.1791,125.5072,80.37,85,85,17.2,PH,light rain,2021-12-13 04:47:53
452,Nelson Bay,-32.7167,152.15,76.77,64,6,3.0,AU,clear sky,2021-12-13 04:54:29
453,Port Lincoln,-34.7333,135.8667,65.19,52,85,12.84,AU,overcast clouds,2021-12-13 04:45:23
454,Novovasylivka,46.8315,35.7536,38.73,80,100,16.24,UA,overcast clouds,2021-12-13 04:54:29
455,Roma,43.2128,-75.4557,42.66,58,3,9.93,US,clear sky,2021-12-13 04:42:02
456,Hofn,64.2539,-15.2082,37.17,84,96,7.18,IS,overcast clouds,2021-12-13 04:47:43
457,Cherskiy,68.75,161.3,-36.81,99,97,1.45,RU,overcast clouds,2021-12-13 04:47:47
458,Halifax,44.6453,-63.5724,38.41,68,0,1.99,CA,clear sky,2021-12-13 04:51:10
459,Laguna,38.421,-121.4238,53.1,90,90,5.01,US,overcast clouds,2021-12-13 04:47:12
460,Pittsburg,38.028,-121.8847,56.05,85,90,7.0,US,mist,2021-12-13 04:54:30
461,Bitkine,11.9801,18.2138,69.06,19,51,5.37,TD,broken clouds,2021-12-13 04:54:31
462,Angoche,-16.2325,39.9086,81.84,69,0,10.29,MZ,clear sky,2021-12-13 04:54:31
463,Saint Andrews,34.0454,-81.1293,40.78,86,1,3.44,US,clear sky,2021-12-13 04:54:31
464,Uinskoye,56.8817,56.5813,5.13,92,61,5.01,RU,broken clouds,2021-12-13 04:54:32
465,Jinotega,13.0917,-86.0018,60.51,92,1,6.2,NI,clear sky,2021-12-13 04:54:32
466,Torbay,47.6666,-52.7314,38.57,77,90,24.16,CA,overcast clouds,2021-12-13 04:43:15
467,Muisne,0.6,-80.0333,73.47,94,100,4.92,EC,light rain,2021-12-13 04:54:33
468,Mecca,21.4267,39.8261,73.69,31,75,4.29,SA,broken clouds,2021-12-13 04:47:50
469,Le Port,-20.9373,55.2919,82.62,68,11,0.45,RE,few clouds,2021-12-13 04:54:33
470,Mayo,38.8876,-76.5119,41.11,54,1,6.55,US,clear sky,2021-12-13 04:54:33
471,Katherine,-14.4667,132.2667,102.52,25,12,6.91,AU,few clouds,2021-12-13 04:54:34
472,Almeirim,-1.5233,-52.5817,74.25,91,100,3.0,BR,overcast clouds,2021-12-13 04:54:07
473,Tromso,69.6496,18.957,33.82,80,75,6.91,NO,light shower snow,2021-12-13 04:54:34
474,Manggar,-2.8833,108.2667,83.55,73,100,10.94,ID,overcast clouds,2021-12-13 04:54:34
475,Corn Island,12.1694,-83.0418,80.6,79,20,17.49,NI,few clouds,2021-12-13 04:54:35
476,Marrakesh,31.6315,-8.0083,46.47,53,0,3.44,MA,clear sky,2021-12-13 04:54:35
477,Oksfjord,70.2396,22.3479,34.72,99,100,3.83,NO,light snow,2021-12-13 04:54:35
478,Suez,29.9737,32.5263,64.2,55,97,7.49,EG,overcast clouds,2021-12-13 04:54:36
479,Mizdah,31.4451,12.9801,44.8,79,83,6.58,LY,broken clouds,2021-12-13 04:54:36
480,Panguna,-6.3164,155.4848,76.78,87,98,2.06,PG,moderate rain,2021-12-13 04:54:36
481,Watsa,3.0372,29.5355,65.16,54,92,2.55,CD,overcast clouds,2021-12-13 04:48:18
482,Kotovo,50.3211,44.8012,18.5,70,97,12.75,RU,overcast clouds,2021-12-13 04:54:37
483,Belmopan,17.25,-88.7667,76.3,98,3,1.7,BZ,clear sky,2021-12-13 04:54:37
484,Petropavlovsk-Kamchatskiy,53.0452,158.6483,28.99,59,0,6.71,RU,clear sky,2021-12-13 04:44:48
485,Roshchino,60.2519,29.6085,26.37,99,100,2.93,RU,light snow,2021-12-13 04:54:37
486,Chateaubelair,13.2833,-61.25,79.41,81,88,12.73,VC,overcast clouds,2021-12-13 04:54:38
487,Alekseyevka,50.6309,38.6903,29.97,50,100,13.33,RU,light snow,2021-12-13 04:54:38
488,Mawlamyine,16.4914,97.6256,84.49,48,25,10.8,MM,scattered clouds,2021-12-13 04:54:38
489,Bayir,37.2687,28.2167,50.52,96,92,8.34,TR,light rain,2021-12-13 04:54:39
490,Boa Esperanca,-21.09,-45.5658,68.29,96,97,3.04,BR,overcast clouds,2021-12-13 04:54:39
491,Claudio,-20.4433,-44.7658,66.97,99,100,1.74,BR,light rain,2021-12-13 04:54:39
492,Iberia,29.9502,-91.7507,49.05,81,1,0.0,US,clear sky,2021-12-13 04:51:25
493,Colomi,-17.35,-65.8667,53.62,82,96,4.45,BO,overcast clouds,2021-12-13 04:54:40
494,Riyadh,24.6877,46.7219,46.54,28,66,5.48,SA,broken clouds,2021-12-13 04:48:25
495,Dong Hoi,17.4833,106.6,70.65,82,100,15.84,VN,overcast clouds,2021-12-13 04:54:40
496,Labuhan,-6.8844,112.2051,88.47,61,22,3.71,ID,few clouds,2021-12-13 04:54:41
497,Cacapava Do Sul,-30.5122,-53.4914,68.68,68,97,5.1,BR,overcast clouds,2021-12-13 04:54:41
498,Finnsnes,69.2296,17.9811,33.76,98,100,3.69,NO,light snow,2021-12-13 04:54:41
499,Druzhba,52.0428,33.9453,32.9,83,100,9.57,UA,light snow,2021-12-13 04:54:42
500,Lloydminster,53.2835,-110.0016,21.42,93,90,5.75,CA,fog,2021-12-13 04:54:42
501,Inhambane,-23.865,35.3833,84.18,83,40,7.0,MZ,scattered clouds,2021-12-13 04:49:36
502,Dzhebariki-Khaya,62.2167,135.8,-36.81,99,59,0.89,RU,broken clouds,2021-12-13 04:54:42
503,Zaysan,47.4667,84.8667,15.58,93,100,0.67,KZ,light snow,2021-12-13 04:54:43
504,College,64.8569,-147.8028,-12.8,71,20,0.0,US,light snow,2021-12-13 04:47:24
505,Geilo,60.5333,8.2076,29.7,88,100,6.17,NO,overcast clouds,2021-12-13 04:54:43
506,Pangkalanbuun,-2.6833,111.6167,85.33,76,74,5.19,ID,light rain,2021-12-13 04:54:43
507,Asau,46.4333,26.4,37.4,84,100,2.68,RO,overcast clouds,2021-12-13 04:49:52
508,Candido De Abreu,-24.5669,-51.3333,70.97,67,100,2.28,BR,overcast clouds,2021-12-13 04:54:44
509,Front Royal,38.9182,-78.1944,39.85,65,1,4.61,US,clear sky,2021-12-13 04:54:44
510,Pacific Grove,36.6177,-121.9166,54.43,85,90,5.01,US,light rain,2021-12-13 04:49:44
511,Camopi,3.1655,-52.3158,72.32,100,93,1.28,GF,overcast clouds,2021-12-13 04:54:45
512,Sadao,6.6388,100.4234,87.33,58,77,9.19,TH,broken clouds,2021-12-13 04:54:45
513,Richards Bay,-28.783,32.0377,76.8,75,100,6.96,ZA,overcast clouds,2021-12-13 04:49:07
514,Viransehir,37.2353,39.7631,51.1,35,100,3.6,TR,overcast clouds,2021-12-13 04:54:45
515,Perth,-31.9333,115.8333,84.15,42,0,6.91,AU,clear sky,2021-12-13 04:54:46
516,Chadiza,-14.0678,32.4392,75.69,52,3,11.12,ZM,clear sky,2021-12-13 04:54:46
517,Jackson,42.4165,-122.8345,38.79,95,75,4.61,US,mist,2021-12-13 04:54:46
518,Pyapon,16.2833,95.6833,86.5,44,12,10.16,MM,few clouds,2021-12-13 04:54:47
519,Bermeo,43.4209,-2.7215,52.23,76,63,6.22,ES,broken clouds,2021-12-13 04:54:47
520,Okha,53.5739,142.9478,24.91,90,100,22.41,RU,light snow,2021-12-13 04:54:47
521,Hamilton,39.1834,-84.5333,38.8,71,1,1.01,US,clear sky,2021-12-13 04:50:33
522,Takoradi,4.8845,-1.7554,78.75,86,32,4.12,GH,scattered clouds,2021-12-13 04:49:03
523,Straumen,63.8709,11.2999,43.95,88,96,3.22,NO,overcast clouds,2021-12-13 04:54:48
524,Manono,-7.3,27.4167,68.25,96,100,3.6,CD,overcast clouds,2021-12-13 04:54:48
525,Farmington,36.7281,-108.2187,33.75,66,1,5.75,US,clear sky,2021-12-13 04:51:35
526,Sambava,-14.2667,50.1667,79.03,71,21,7.63,MG,few clouds,2021-12-13 04:54:49
527,Gagra,43.3283,40.2239,41.92,51,1,6.17,GE,clear sky,2021-12-13 04:54:49
528,Irituia,-1.7711,-47.4381,74.46,95,94,2.17,BR,overcast clouds,2021-12-13 04:54:49
529,Chingirlau,51.095,54.0814,13.26,83,5,2.93,KZ,clear sky,2021-12-13 04:54:50
530,Tazovskiy,67.4667,78.7,-29.36,95,17,5.48,RU,few clouds,2021-12-13 04:45:59
531,Goderich,43.7501,-81.7165,43.12,61,79,21.85,CA,broken clouds,2021-12-13 04:54:50
532,Havre-Saint-Pierre,50.2334,-63.5986,30.79,50,40,36.82,CA,scattered clouds,2021-12-13 04:54:50
533,Tessalit,20.1986,1.0114,66.36,10,76,7.14,ML,broken clouds,2021-12-13 04:47:49
534,Sibolga,1.7427,98.7792,81.37,79,100,1.74,ID,overcast clouds,2021-12-13 04:54:51
535,Pundaguitan,6.3711,126.1689,82.67,75,100,5.06,PH,overcast clouds,2021-12-13 04:54:51
536,Contamana,-7.3333,-75.0167,76.37,84,47,2.84,PE,scattered clouds,2021-12-13 04:54:51
537,Oussouye,12.485,-16.5469,73.42,77,36,6.62,SN,scattered clouds,2021-12-13 04:54:52
538,Whitehorse,60.7161,-135.0538,-4.7,76,90,5.99,CA,light snow,2021-12-13 04:45:24
539,Avanigadda,16.0215,80.9181,80.74,68,96,13.09,IN,overcast clouds,2021-12-13 04:54:52
540,Caravelas,-17.7125,-39.2481,74.64,89,90,5.66,BR,overcast clouds,2021-12-13 04:47:49
541,Alyangula,-13.8483,136.4192,96.67,36,13,5.75,AU,few clouds,2021-12-13 04:54:53
542,Eureka,40.8021,-124.1637,50.94,90,100,8.01,US,overcast clouds,2021-12-13 04:43:11
543,Vardo,70.3705,31.1107,32.2,80,82,16.4,NO,broken clouds,2021-12-13 04:47:37
544,Hay River,60.8156,-115.7999,-4.02,77,20,6.91,CA,few clouds,2021-12-13 04:54:53
545,Walker,30.7335,-95.5669,50.09,65,0,4.92,US,clear sky,2021-12-13 04:54:53
546,Leua,48.2156,18.6071,29.12,94,15,2.3,SK,few clouds,2021-12-13 04:54:54
547,Bundaberg,-24.85,152.35,85.21,56,40,5.01,AU,scattered clouds,2021-12-13 04:54:54
548,Turayf,31.6725,38.6637,50.25,66,0,9.22,SA,clear sky,2021-12-13 04:48:02
549,Peniche,39.3558,-9.3811,57.88,77,5,9.73,PT,clear sky,2021-12-13 04:54:54
550,Kerman,30.2832,57.0788,26.46,59,0,4.61,IR,clear sky,2021-12-13 04:54:55
551,High Level,58.5169,-117.136,-0.29,85,90,5.75,CA,light snow,2021-12-13 04:54:55
552,Bengkulu,-3.8004,102.2655,84.49,65,44,6.55,ID,scattered clouds,2021-12-13 04:46:22
553,Tarut,26.5733,50.0369,66.18,44,28,13.62,SA,scattered clouds,2021-12-13 04:54:56
554,Neuquen,-38.9516,-68.0591,58.89,41,0,12.66,AR,clear sky,2021-12-13 04:54:56
555,Derzhavinsk,51.1,66.3167,3.67,94,8,5.12,KZ,clear sky,2021-12-13 04:54:56
556,Kendari,-3.945,122.4989,89.83,59,100,2.77,ID,overcast clouds,2021-12-13 04:54:57
557,Kabalo,-6.05,26.9167,69.17,96,98,2.44,CD,overcast clouds,2021-12-13 04:54:57
558,Jalalabad,34.4265,70.4515,57.31,17,60,0.78,AF,broken clouds,2021-12-13 04:54:57
559,Pontianak,-0.0333,109.3333,82.38,83,75,6.91,ID,light rain,2021-12-13 04:54:57
560,Morondava,-20.2833,44.2833,83.41,70,1,5.91,MG,clear sky,2021-12-13 04:54:58
561,Bathsheba,13.2167,-59.5167,79.41,89,40,19.57,BB,scattered clouds,2021-12-13 04:46:59
562,Bima,-8.4667,118.7167,86.68,75,56,2.39,ID,broken clouds,2021-12-13 04:54:58
563,Magadan,59.5667,150.8,9.97,81,100,10.51,RU,overcast clouds,2021-12-13 04:54:59
564,Orlik,52.5178,99.825,10.06,85,76,1.57,RU,broken clouds,2021-12-13 04:54:59
565,Usinsk,65.9939,57.5281,10.51,91,99,15.55,RU,overcast clouds,2021-12-13 04:48:38
566,Adrar,20.5022,-10.0711,62.76,18,31,10.51,MR,scattered clouds,2021-12-13 04:48:44
567,Chumikan,54.7183,135.315,8.55,85,91,19.06,RU,overcast clouds,2021-12-13 04:54:59
568,Kainantu,-6.2887,145.8655,74.75,65,99,3.47,PG,overcast clouds,2021-12-13 04:55:00
569,Maumere,-8.6199,122.2111,84.6,73,76,3.09,ID,light rain,2021-12-13 04:55:00
570,Calvia,39.5657,2.5062,50.41,81,0,5.08,ES,clear sky,2021-12-13 04:55:00
571,Litovko,49.2361,135.1742,13.32,87,14,4.07,RU,few clouds,2021-12-13 04:55:01
572,Beyneu,45.3167,55.2,21.54,57,5,10.51,KZ,clear sky,2021-12-13 04:48:47
573,Sungaipenuh,-2.0833,101.3833,75.87,74,77,3.47,ID,broken clouds,2021-12-13 04:55:01
574,Russkaya Polyana,49.417,31.9201,37.63,83,100,10.07,UA,overcast clouds,2021-12-13 04:55:01
575,Kutum,14.2,24.6667,62.11,37,28,5.46,SD,scattered clouds,2021-12-13 04:55:02
576,Jingdezhen,29.2947,117.2079,55.36,59,81,3.85,CN,broken clouds,2021-12-13 04:55:02
577,Puri,19.8,85.85,74.37,58,84,8.52,IN,broken clouds,2021-12-13 04:55:02
578,Majene,-3.5403,118.9707,84.9,68,100,4.94,ID,overcast clouds,2021-12-13 04:55:03
579,Sundargarh,22.1167,84.0333,69.69,45,13,3.94,IN,few clouds,2021-12-13 04:55:03
580,Tura,25.5198,90.2201,73.02,45,0,1.3,IN,clear sky,2021-12-13 04:48:46
581,Kodinar,20.7903,70.7031,79.63,45,1,6.22,IN,clear sky,2021-12-13 04:55:04
582,Thinadhoo,0.5333,72.9333,81.48,75,80,10.6,MV,broken clouds,2021-12-13 04:49:54
583,Ixtapa,20.7,-105.2,68.95,87,47,2.73,MX,scattered clouds,2021-12-13 04:55:04
584,Fort Nelson,58.8053,-122.7002,0.99,78,90,5.75,CA,light snow,2021-12-13 04:49:08
585,Boyuibe,-20.4167,-63.2833,69.48,96,100,2.98,BO,overcast clouds,2021-12-13 04:55:05
586,Poya,-21.35,165.15,76.19,95,100,3.91,NC,light rain,2021-12-13 04:55:05
587,Middelburg,-25.7751,29.4648,64.69,77,100,5.08,ZA,overcast clouds,2021-12-13 04:50:22
588,Balkhash,46.844,74.9804,25.41,80,75,8.95,KZ,broken clouds,2021-12-13 04:48:03
589,Aksum,14.1245,38.7244,54.84,51,1,3.8,ET,clear sky,2021-12-13 04:55:05
590,Pyay,18.8167,95.2167,81.91,53,1,7.14,MM,clear sky,2021-12-13 04:55:06
591,Surt,31.2089,16.5887,57.11,70,45,11.21,LY,scattered clouds,2021-12-13 04:55:06
592,Rawson,-43.3002,-65.1023,57.02,68,82,2.13,AR,broken clouds,2021-12-13 04:55:06
593,Guarapari,-20.6667,-40.4975,76.89,90,100,10.89,BR,overcast clouds,2021-12-13 04:55:07
594,Zeya,53.75,127.2667,2.14,61,100,1.28,RU,overcast clouds,2021-12-13 04:55:07
595,Mehran,33.1222,46.1646,53.08,27,95,1.45,IR,overcast clouds,2021-12-13 04:55:07
596,Mirosov,49.6878,13.6581,37.18,95,100,28.99,CZ,overcast clouds,2021-12-13 04:55:08
597,Kiama,-34.6833,150.8667,80.01,60,2,3.0,AU,clear sky,2021-12-13 04:47:33
598,Lobito,-12.3481,13.5456,76.44,87,100,1.25,AO,light rain,2021-12-13 04:55:08
599,Beberibe,-4.1797,-38.1306,84.16,79,85,12.62,BR,overcast clouds,2021-12-13 04:55:09
600,Vila,42.0304,-8.1588,43.34,81,9,4.38,PT,clear sky,2021-12-13 04:55:09
601,Fengcheng,40.4536,124.0717,29.23,26,0,5.03,CN,clear sky,2021-12-13 04:55:09
602,Kudahuvadhoo,2.6708,72.8944,80.89,75,95,4.47,MV,overcast clouds,2021-12-13 04:48:25
603,Wanxian,30.8039,108.3897,55.8,68,100,3.2,CN,overcast clouds,2021-12-13 04:55:10
604,Nhulunbuy,-12.2333,136.7667,97.41,46,90,13.8,AU,overcast clouds,2021-12-13 04:47:11
605,Curuca,-0.7289,-47.8481,76.28,91,95,3.83,BR,overcast clouds,2021-12-13 04:55:10
606,Taiyuan,37.8694,112.5603,35.46,32,0,4.47,CN,clear sky,2021-12-13 04:55:10
607,Thoen,17.6129,99.2161,83.55,45,9,3.04,TH,clear sky,2021-12-13 04:55:11
608,Steinhagen,52.0,8.4,49.66,97,100,8.59,DE,overcast clouds,2021-12-13 04:55:11
609,Shangzhi,45.2167,127.9667,17.37,75,37,13.42,CN,scattered clouds,2021-12-13 04:55:11
610,Acapulco,16.8634,-99.8901,77.59,75,3,3.15,MX,clear sky,2021-12-13 04:49:04
611,Gari,59.4307,62.3497,15.94,90,99,5.44,RU,overcast clouds,2021-12-13 04:55:12
612,Manaira,-7.7061,-38.1544,69.69,76,99,5.39,BR,overcast clouds,2021-12-13 04:55:12
613,Dwarka,22.2394,68.9678,76.77,42,0,9.48,IN,clear sky,2021-12-13 04:46:48
614,Dzilam Gonzalez,21.2833,-88.9333,72.55,84,5,5.61,MX,clear sky,2021-12-13 04:55:13
615,Sioux Lookout,50.1001,-91.917,30.58,93,90,6.91,CA,light snow,2021-12-13 04:48:56
616,Batsfjord,70.6345,29.7185,32.22,93,78,10.63,NO,broken clouds,2021-12-13 04:55:13
617,Dunedin,-45.8742,170.5036,60.3,73,93,10.94,NZ,overcast clouds,2021-12-13 04:44:10
618,Lagunas,-5.2269,-75.6753,73.99,92,36,2.1,PE,scattered clouds,2021-12-13 04:55:13
619,Mount Gambier,-37.8333,140.7667,64.31,63,90,16.11,AU,light rain,2021-12-13 04:49:38
620,Taoudenni,22.6783,-3.9836,62.02,31,18,11.92,ML,few clouds,2021-12-13 04:55:14
621,Monsefu,-6.8781,-79.8722,66.54,83,59,8.34,PE,broken clouds,2021-12-13 04:55:14
622,Olafsvik,64.8945,-23.7142,39.83,93,100,10.71,IS,overcast clouds,2021-12-13 04:55:15
623,Svetlogorsk,52.6333,29.7333,36.05,91,100,3.71,BY,overcast clouds,2021-12-13 04:46:57
624,Ouargaye,11.5033,0.0572,74.73,18,81,7.94,BF,broken clouds,2021-12-13 04:55:15
625,Aconibe,1.2968,10.9369,69.53,90,99,2.73,GQ,overcast clouds,2021-12-13 04:55:15
626,Havoysund,70.9963,24.6622,44.83,81,100,15.03,NO,overcast clouds,2021-12-13 04:46:58
627,Kimbe,-5.5502,150.1429,82.83,84,97,4.07,PG,moderate rain,2021-12-13 04:55:16
628,Nortelandia,-14.4547,-56.8028,72.34,97,100,4.83,BR,moderate rain,2021-12-13 04:55:16
629,Paka,4.6374,103.4368,82.33,83,40,9.22,MY,scattered clouds,2021-12-13 04:55:16
630,West Wendover,40.7391,-114.0733,31.21,69,90,3.44,US,overcast clouds,2021-12-13 04:55:17
631,Bosaso,11.2842,49.1816,77.4,61,0,7.96,SO,clear sky,2021-12-13 04:55:17
632,Ostrovnoy,68.0531,39.5131,27.93,93,100,12.97,RU,overcast clouds,2021-12-13 04:49:21
633,Paamiut,61.994,-49.6678,14.11,79,65,5.7,GL,broken clouds,2021-12-13 04:47:38
634,Parana,-31.732,-60.5238,68.58,95,100,13.33,AR,light rain,2021-12-13 04:55:18
635,Mulchen,-37.7167,-72.2333,47.88,73,47,6.13,CL,scattered clouds,2021-12-13 04:55:18
636,Corumba,-19.0092,-57.6533,72.82,98,100,3.38,BR,overcast clouds,2021-12-13 04:55:18
637,Aduturai,11.0147,79.4791,82.63,70,59,11.72,IN,broken clouds,2021-12-13 04:55:19
638,Abramovka,51.1886,41.0202,25.27,52,100,13.02,RU,overcast clouds,2021-12-13 04:55:19
639,Teya,60.3778,92.6267,-5.73,99,95,1.16,RU,overcast clouds,2021-12-13 04:55:19
640,Bouar,5.934,15.596,69.13,29,94,5.93,CF,overcast clouds,2021-12-13 04:55:20
641,Ahja,58.2091,27.0734,33.98,89,100,6.78,EE,overcast clouds,2021-12-13 04:55:20
642,Rognan,67.0953,15.3878,33.94,90,98,6.33,NO,light snow,2021-12-13 04:55:20
643,San Lawrenz,36.0553,14.204,53.85,72,21,1.99,MT,few clouds,2021-12-13 04:55:21
644,Piacabucu,-10.4056,-36.4344,77.29,80,43,9.28,BR,scattered clouds,2021-12-13 04:53:14
645,Xuddur,4.1213,43.8894,75.76,60,89,23.47,SO,overcast clouds,2021-12-13 04:55:21
646,Esqueda,30.7167,-109.5833,53.69,47,65,4.9,MX,broken clouds,2021-12-13 04:55:22
647,Bhatkal,13.9667,74.5667,84.79,53,100,7.76,IN,overcast clouds,2021-12-13 04:55:22
648,Baykit,61.67,96.37,-20.7,98,37,1.25,RU,scattered clouds,2021-12-13 04:48:13
649,Ati,13.2154,18.3353,68.25,18,50,7.7,TD,scattered clouds,2021-12-13 04:55:22
650,Alenquer,-1.9417,-54.7383,77.34,90,100,1.54,BR,overcast clouds,2021-12-13 04:55:23
651,Butembo,0.15,29.2833,62.06,75,100,2.06,CD,overcast clouds,2021-12-13 04:55:23
652,Upington,-28.4478,21.2561,70.18,49,0,4.61,ZA,clear sky,2021-12-13 04:55:23
653,Zhezkazgan,47.8043,67.7144,17.58,86,90,20.13,KZ,light snow,2021-12-13 04:49:40
654,Tuy Hoa,13.0833,109.3,74.08,90,97,19.15,VN,overcast clouds,2021-12-13 04:55:24
655,Ekhabi,53.5102,142.9671,24.69,91,100,21.79,RU,light snow,2021-12-13 04:55:24
656,La Paz Centro,12.34,-86.6753,76.86,72,2,8.01,NI,clear sky,2021-12-13 04:55:24
657,Freeport,40.6576,-73.5832,44.96,49,0,4.0,US,clear sky,2021-12-13 04:55:03
658,Cartagena Del Chaira,1.3349,-74.8429,73.69,76,57,3.15,CO,broken clouds,2021-12-13 04:55:25
659,Martyush,56.4,61.8819,15.78,75,59,10.89,RU,broken clouds,2021-12-13 04:55:25
660,Podosinovets,60.2776,47.0659,17.15,93,100,7.4,RU,overcast clouds,2021-12-13 04:55:26
661,Te Anau,-45.4167,167.7167,70.7,48,80,1.7,NZ,broken clouds,2021-12-13 04:48:13
662,Arman,59.7,150.1667,6.94,80,100,14.03,RU,overcast clouds,2021-12-13 04:46:47
663,Sorong,-0.8833,131.25,85.33,69,100,6.02,ID,overcast clouds,2021-12-13 04:53:35
664,Tilichiki,60.4667,166.1,-4.65,97,100,18.79,RU,snow,2021-12-13 04:48:30
665,Embonas,36.2269,27.8564,55.53,79,16,12.19,GR,few clouds,2021-12-13 04:55:26
666,Shaki,41.0833,47.1667,45.39,70,76,1.14,AZ,broken clouds,2021-12-13 04:55:27
667,Edea,3.8,10.1333,76.78,96,55,1.41,CM,broken clouds,2021-12-13 04:55:27
668,Nuuk,64.1835,-51.7216,5.27,80,8,9.06,GL,clear sky,2021-12-13 04:55:27
669,Tecoanapa,16.5167,-98.75,76.5,77,0,4.45,MX,clear sky,2021-12-13 04:48:35
670,Shimoda,34.6667,138.95,57.56,56,43,4.14,JP,scattered clouds,2021-12-13 04:48:14
671,Tabou,4.423,-7.3528,78.53,85,4,4.79,CI,clear sky,2021-12-13 04:49:38
672,Lazaro Cardenas,17.9583,-102.2,76.14,88,8,4.14,MX,clear sky,2021-12-13 04:55:28
673,San Mateo Del Mar,16.2,-95.0,76.75,72,0,29.75,MX,clear sky,2021-12-13 04:55:28
674,Fairview,40.8126,-73.999,43.54,46,0,8.01,US,clear sky,2021-12-13 04:55:29
675,Weiser,44.251,-116.9693,45.32,79,100,4.56,US,overcast clouds,2021-12-13 04:55:29
676,Dongsheng,39.8161,109.9776,26.55,47,0,14.0,CN,clear sky,2021-12-13 04:55:29
677,Gat,31.61,34.7642,66.9,38,100,4.74,IL,overcast clouds,2021-12-13 04:55:30
678,Aswan,24.0934,32.907,65.5,72,0,10.36,EG,clear sky,2021-12-13 04:55:30
679,Urumqi,43.801,87.6005,11.35,67,81,2.24,CN,broken clouds,2021-12-13 04:55:30
680,Kulhudhuffushi,6.6221,73.07,81.95,72,64,7.29,MV,broken clouds,2021-12-13 04:55:30
681,Jilib,0.4883,42.7854,81.46,72,94,8.03,SO,overcast clouds,2021-12-13 04:55:31
682,Martapura,-3.4167,114.85,86.09,74,40,8.05,ID,scattered clouds,2021-12-13 04:55:31
683,Oakdale,44.963,-92.9649,33.22,80,1,1.99,US,clear sky,2021-12-13 04:55:31
684,Tortoli,39.9256,9.6572,47.91,33,0,5.28,IT,clear sky,2021-12-13 04:55:32
685,Soyo,-6.1349,12.3689,76.87,90,100,3.85,AO,overcast clouds,2021-12-13 04:55:32
